painReport,Temperature,Expectation,social,Habituation,control,region,fRSN,cRSN,painPathways,neurosynth,fullBrain,subjId,studyId
-0.97145914420932,46.125,-0.75,0,5,0,-0.023653542472347,0.169788191904084,0.26530447980032,0.126586537047357,0.132240918999162,-0.892823240995978,1,1
-0.081150135915049,46.5,0.058823529411765,0,5.08823529411765,0,0.212093279753094,0.30026372345402,0.350418822596866,0.443545864966643,0.436513287087201,0.13736550192832,1,1
1.00887556295802,47.4666666666667,0.133333333333333,0,5,0,0.175145944396568,0.257159446279258,0.410064981611521,0.575695654110981,0.662265707233316,0.722111062640177,1,1
2.02997901487065,47.8333333333333,0.055555555555556,0,4.5,0,0.387866863161417,0.390157157150374,0.745353618611464,0.732110630679565,0.837300569107808,1.18252717141069,1,1
-1.02742644885098,46,0,0,4,0,0.078981080073519,0.105663481429459,0.143818879406445,0.403559246396441,0.263019284611767,-0.189393799696971,4,1
-0.062672537893564,46.3333333333333,-0.19047619047619,0,5.90476190476191,0,0.179469775673061,0.442027257785514,0.743306920736464,0.647740926100853,0.494630365544185,0.284055430509505,4,1
0.982206671750184,47.15625,-0.0625,0,4.875,0,0.451933146684347,0.536997630784746,0.939131502812467,0.827770511193729,0.839748317146775,0.852209283779444,4,1
1.96660687019609,47.6666666666667,0.380952380952381,0,4.71428571428571,0,0.417287350119419,0.407660536288676,0.784203598056643,0.731327590274331,0.757671324901959,0.690231745863162,4,1
0.039439916187705,46,-0.2,0,5.2,0,-0.230737514937267,0.114171907943728,0.105689669255718,0.228393813524541,0.113792585231977,0.399212397245091,5,1
0.782127709533441,46.7,-0.025,0,5.375,0,0.045543229440808,0.464865010697286,0.270945159949254,0.417350375163091,0.638481874950154,0.742170043865951,5,1
1.60082544839907,47.3157894736842,-0.157894736842105,0,4.78947368421053,0,0.013783851119737,0.393641869618069,0.36657859094476,0.220127952604049,0.670814380894011,0.914069160562275,5,1
2.37578425357317,47.6666666666667,0.5,0,6,0,-0.064954395693181,0.644357646431265,0.268188387052308,0.585674198490021,0.890629650793189,1.15898423423538,5,1
-1.27454617973167,46.4516129032258,-0.096774193548387,0,5.35483870967742,0,-0.033254492723572,0.269775318161308,0.456514384681936,0.23457668962568,0.275990173954269,0.184582915797079,6,1
-0.362721740285268,46.9565217391304,-0.08695652173913,0,4.73913043478261,0,0.143900118256837,0.418248924535035,0.822149809188459,0.442266458688282,0.654539780829583,0.779948155079202,6,1
0.690122110805011,47.4375,0.25,0,4.375,0,0.365652269079617,0.193528529030645,1.21746403924508,0.482899273653148,0.749793265944258,0.825542211778497,6,1
1.63287502677683,48,0.111111111111111,0,5.44444444444444,0,0.56603453794546,0.483341377734795,1.42765648823275,0.509994451155557,1.01453485822749,1.32332432449582,6,1
-1.11378549458886,46.1333333333333,-0.066666666666667,0,4.6,0,0.347607010985104,0.792787339630615,0.607295830066292,0.201403580691811,0.722365023204472,0.89329236975812,7,1
-0.220276917661019,46.6296296296296,-0.111111111111111,0,5.25925925925926,0,0.461156143169126,0.466851805945821,0.537133671846242,0.317302573478487,0.772079042290069,0.945815845553615,7,1
1.05714805519099,47.4736842105263,0,0,5.31578947368421,0,0.710941962284546,0.474622532571367,0.571800887549887,0.465001580729585,0.928564027568251,1.10637113434141,7,1
2.0912422695394,47.6666666666667,0.4,0,5.26666666666667,0,0.705145131408818,0.521734255473823,0.666851927677997,0.483589120684835,1.15109246896436,1.4919478773247,7,1
-1.23958300331958,46.4736842105263,-0.736842105263158,0,4.52631578947368,0,0.046637711975535,0.290891433475707,0.439426839891525,0.38926072468879,0.364247120178781,0.39302134856974,9,1
-0.844079551745953,46.8,0.066666666666667,0,5.23333333333333,0,0.180826131106161,0.449945071970152,0.686551569891117,0.565118045528945,0.645751221151658,0.604468450298521,9,1
-0.348954356182129,47.2222222222222,0.333333333333333,0,4.94444444444444,0,0.117734883914205,0.591255317508942,0.91424718562053,0.635236618900539,0.663159026012717,0.583116565343073,9,1
0.127127562629241,48,0.454545454545455,0,5.54545454545455,0,0.375358035348825,0.552728681776327,1.11792270789866,0.81899020256948,0.973675899927744,1.30051696748862,9,1
-0.235893041400113,46.1176470588235,-0.117647058823529,0,6.11764705882353,0,0.212782040482055,0.18714291628106,0.255570692976555,0.276495775377896,0.360218711894086,0.340492792777172,12,1
0.63543186632247,46.8275862068966,0.068965517241379,0,4.89655172413793,0,0.529428574931961,0.245727106900371,0.29262666885842,0.365670229479206,0.462519170379224,0.639682829287983,12,1
1.35256632929883,47.4705882352941,-0.117647058823529,0,4.23529411764706,0,0.452804018945206,0.270328936272411,0.231332729362168,0.340367466361719,0.483902037324588,0.138731178670162,12,1
2.37850184592157,48,0.272727272727273,0,6.36363636363636,0,0.608148879403457,0.166835918654471,0.325680771053416,0.217590525552289,0.460844252887667,0.843332076503804,12,1
-1.14068965883797,46.2,-0.1,0,5.15,0,0.105852983401888,0.149791519139139,0.053739547845223,0.089657856919526,0.068895319341405,-0.423175793012322,15,1
-0.176552598207247,46.7142857142857,0.071428571428571,0,5.28571428571429,0,0.021824790157023,0.14696735941056,0.205535219584771,0.252260663793943,0.278016753475294,0.372089650702266,15,1
0.925533547984703,47.75,-0.125,0,5.125,0,0.340402860218849,0.222419988873092,0.407721843210583,0.367591011657027,0.598005573741337,0.883546798455005,15,1
2.1755882839081,47.7272727272727,0.272727272727273,0,3.90909090909091,0,0.445909291167538,0.199212273432535,0.356930972251678,0.495634117021077,0.912890660832827,1.69392410880716,15,1
-1.15223676201242,46.1176470588235,-0.117647058823529,0,5.94117647058824,0,0.026646414901898,0.181124155201392,-0.097703697447144,0.071896078440138,0.225991380830932,-0.03960311582554,16,1
-0.652125632691128,46.695652173913,-0.08695652173913,0,4.26086956521739,0,0.259105963748945,0.153382361306737,0.003155481583635,0.21137102325536,0.304604665871479,0.164898050931378,16,1
0.164328382331711,47.35,0,0,5.35,0,0.460557196776801,0.322730075297723,0.254574517829851,0.254478638529638,0.500296634538334,0.646656038816635,16,1
0.828628734161528,47.8,0.2,0,4.65,0,0.729689238403784,0.481290811015022,0.189030683495931,0.413623755826083,0.627779325090347,0.662774090355794,16,1
-1.4795302882963,46.4285714285714,0.142857142857143,0,5.28571428571429,0,0.293431288671445,-0.048087571067375,0.236772630812604,0.304275027090113,0.435089984711352,0.504404143040109,17,1
-0.893797188603953,46.5263157894737,-0.157894736842105,0,5.21052631578947,0,0.011289275896362,0.014309917473294,0.091144548543048,0.215504980709114,0.195088407938657,-0.093964185989908,17,1
-0.281941601392278,46.9736842105263,0.052631578947368,0,5.18421052631579,0,0.265515150644793,0.42651642162295,0.295151507351944,0.416081900971131,0.421507684777237,0.71916934292182,17,1
0.312740896228749,47.8235294117647,0,0,4.23529411764706,0,0.489403678940402,0.645221828987775,0.529697228194473,0.66243955629816,0.698515571875671,1.25383260283713,17,1
-1.61742736132999,46,-0.076923076923077,0,5.46153846153846,0,0.053168521747007,0.171113479822711,0.091496554839533,0.206779868406224,0.357011619802021,0.505810197807824,18,1
-1.25129566741763,46.5,-0.227272727272727,0,5.22727272727273,0,0.392126798254956,0.294729248551212,0.126397087836893,0.214474843587798,0.361488923633353,0.521895838890108,18,1
-0.708414657672263,47.2962962962963,0.074074074074074,0,4.81481481481481,0,0.836173758355662,0.453243493729872,0.2634752344547,0.240733501871356,0.58426832876829,1.02811414555605,18,1
-0.247371760714819,47.9375,0.1875,0,5.375,0,0.677675921472313,0.438898096818251,0.149818665402639,0.110556896471852,0.413519534848893,1.13198467736579,18,1
-1.37660687014916,46,-0.181818181818182,0,5.63636363636364,0,0.579613278547725,0.496345911289931,0.489002895766918,0.25867360234673,0.383995349697819,0.292570053763436,19,1
-0.860544710466306,46.6785714285714,-0.035714285714286,0,5.32142857142857,0,0.612160752287845,0.499692198745999,0.563532645898883,0.234043768188823,0.362244668856646,0.421516957476209,19,1
0.015790823662563,47.6,-0.08,0,5.28,0,0.77218033249674,0.531176237037569,0.628294453192855,0.192008517057136,0.331836633734341,1.04998425519524,19,1
0.872251123931686,47.8333333333333,0.666666666666667,0,3.16666666666667,0,0.816235983291768,0.731932261583558,0.806868831969966,0.266731906524602,0.414738039608115,0.783023505111808,19,1
-1.2034269655946,46.4117647058824,-0.647058823529412,0,4.70588235294118,0,0.205148481538083,0.420588934814359,0.483221581364017,0.387559686466427,0.669323002027466,0.516287301437321,20,1
-0.926819305911791,47,-0.103448275862069,0,5.44827586206897,0,0.299226865915489,0.579528665454061,0.579171713531175,0.45527414359,0.870323086005107,1.11271392949916,20,1
-0.56042330151462,47.2857142857143,0.285714285714286,0,4.35714285714286,0,0.521371947775377,0.691467440845626,1.01878285444355,0.706764994294097,1.42299950797476,1.70437890299226,20,1
-0.168788048640405,47.6363636363636,0.727272727272727,0,4.27272727272727,0,0.504081911591115,0.991663366058913,1.0112887642231,0.852304268975238,1.51487088270876,2.00751340688634,20,1
-1.41571000449551,46,-0.25,0,3.75,0,0.483267598058258,0.495649225942745,0.203431989344675,0.376532794788047,0.312490447582327,0.062835805501094,22,1
-0.794035591908107,46.4583333333333,0,0,4.95833333333333,0,0.361990086095964,0.603523640935389,0.337451583393963,0.304884768066049,0.546986837875896,0.609045094965806,22,1
0.173024677846574,47.2045454545455,0.090909090909091,0,5.27272727272727,0,0.308242501540046,0.535595118583136,0.264325239691608,0.252943864658941,0.622424250448629,0.878413705704316,22,1
0.783456310237101,48,-0.2,0,3.2,0,0.217145875093115,0.440685380871586,0.196028330951196,0.172129005506577,0.683655701604837,0.716650080170487,22,1
-0.56374480327377,46.25,-1,0,5,0,0.266551564973741,0.413096381758235,0.404402872481938,0.262877415304904,0.466849631407174,0.323920389075627,23,1
0.006889198948044,46.6,-0.05,0,4.95,0,0.144776729734186,0.299091674967203,0.279551834643081,0.168533325773155,0.147368844264372,0.378571839311662,23,1
0.454647766395033,47.030303030303,0,0,4.90909090909091,0,0.291009968157874,0.337891098263269,0.537983200408112,0.316394932318653,0.564523670619857,0.691960662120304,23,1
0.796225639222274,47.4444444444444,0.444444444444444,0,5.33333333333333,0,0.425967373840047,0.435197143233058,0.585112615652325,0.363541196581933,0.65662498466059,0.912853844242524,23,1
-1.52982731493485,46.4285714285714,0.071428571428571,0,5.71428571428571,0,-0.287292035569311,0.157083032289662,-0.133878036113056,0.001777715166144,-0.199216060143568,-0.350857586169691,25,1
-0.764402586017659,46.7647058823529,-0.117647058823529,0,5.35294117647059,0,-0.104262773385581,0.175192179465808,0.179739467546837,0.273811927872921,0.194476282121672,-0.042186906934934,25,1
0.406133710397764,47.3333333333333,-0.25,0,3.66666666666667,0,-0.06622388024664,0.285983515375826,0.421004296480224,0.5592623009424,0.523560799521322,0.161977706407089,25,1
1.12092088896665,47.9333333333333,0.266666666666667,0,4.93333333333333,0,0.026916311126595,0.400145821624427,0.4962254016656,0.522288918502027,0.695697088206918,0.902004985043907,25,1
-0.94986494934523,41,-0.5,0,6.33333333333333,0,-0.032278580668825,0.095098189219612,0.190986468959835,0.196764945515656,0.413850121875686,0.515396642254736,28,2
-0.249483543272223,43.3333333333333,-0.291666666666667,0,4.04166666666667,0,0.070156905083797,-0.154592922095583,-0.091711090247042,-0.026930856356673,-0.13126057020069,-0.230334459364476,28,2
0.696202691674418,44.4285714285714,0.071428571428571,0,3.42857142857143,0,-0.05170196316204,-0.089156119223608,0.011755472542447,0.001908174311473,-0.229677058422426,0.006174099392767,28,2
1.34993191323479,47.6086956521739,0.5,0,4.56521739130435,0,0.401914151913903,0.481958786579749,0.604662525545193,0.411139962388651,0.91088292648117,1.07576973984366,28,2
-0.729689510190089,39.3571428571429,-0.428571428571429,0,4.78571428571429,0,0.280224721697993,0.236210761079365,0.089913435661986,0.120472804572509,0.017778386658837,-0.177493775565253,29,2
-0.160110590895031,40.7857142857143,-0.428571428571429,0,4,0,0.217911939722915,0.39747886429666,0.420691057932211,0.373745610938622,0.281617510831066,-0.048688011214948,29,2
0.496411932290921,42.5,0.269230769230769,0,4.69230769230769,0,0.077733382054963,0.480150355038795,0.415226239556047,0.329282981829,0.351974471430569,0.198561675446528,29,2
1.26001101779088,46.5,0.5,0,4.92307692307692,0,1.04677399659889,0.714684953904641,0.838604825553339,0.752119285724744,1.00548992102285,0.828380307545566,29,2
-1.43263324961277,41.7083333333333,-0.5,0,5.83333333333333,0,-0.258675071660158,0.335383801101645,0.099873813685161,0.055451130556332,0.099293653961918,0.139760947102555,30,2
-0.869129838790193,43,-0.5,0,3.86666666666667,0,-0.131160080752983,0.266162530524789,0.38500589943223,0.195853891807701,0.231971186575405,0.207169513892374,30,2
0.129573186670644,43.7692307692308,0.192307692307692,0,3.76923076923077,0,-0.032240875914762,0.567378844554412,0.38519321865961,0.2382646129962,0.067520455818102,0.220891995636465,30,2
1.03862271668631,45.7894736842105,0.5,0,4.52631578947368,0,0.125224686642998,0.534764916361362,0.392910492868614,0.314149133585041,0.509102041479773,0.689153978755079,30,2
-1.26018512803108,42.9166666666667,-0.5,0,6.83333333333333,0,0.407382483774149,0.593504380830635,0.404391173913457,0.389560945648383,0.396684400665868,0.063481602423587,31,2
-0.641587901742144,43.5227272727273,-0.363636363636364,0,3.95454545454545,0,-0.023129875231683,0.12773625021747,0.258111806982676,0.176279899173169,0.17591826590248,-0.334359237577278,31,2
0.311024033542664,45.3684210526316,0.184210526315789,0,4.63157894736842,0,0.275115142585668,0.176475799424892,0.372600145637335,0.277184674983583,0.297800476824367,0.020426022593809,31,2
1.29509408706003,47.8125,0.4375,0,4.0625,0,0.717293305858145,0.415539257471247,0.691333296440143,0.40528528458252,0.643389261286038,0.851956791673024,31,2
-1.56877650349305,40.5,-0.5,0,6.83333333333333,0,0.499873928159258,0.24379883594182,-0.062412623969157,0.155147074792829,-0.148847679825032,-0.5100841138867,32,2
-0.827223648643424,42.6,-0.3,0,4.2,0,0.218013512942103,-0.006032806345914,-0.021418152913855,0.039340698143557,-0.063367649543347,-0.007110814780326,32,2
0.384462424626098,44,0.142857142857143,0,4.07142857142857,0,-0.000937139372249,-0.005918790801244,-0.028165578175631,0.008462810884214,-0.132342814804513,-0.310358840391894,32,2
1.20595267082889,47.3055555555556,0.5,0,4.27777777777778,0,0.153236414862626,0.149851639060008,0.153544627378792,0.101784876076123,0.359281373769077,0.684390396144612,32,2
-1.47931093665744,40.5,-0.5,0,5.6,0,-0.427375380905376,0.208013694812085,0.148536802997795,0.228984796895388,0.086498843765971,-0.354238272624964,34,2
-0.737098666863846,42.3333333333333,-0.5,0,3.9047619047619,0,-0.442853844658363,0.14426175185341,0.026036882128667,0.1686261883785,-0.009016892510703,-0.064435636399525,34,2
0.313890207308564,44.4615384615385,0.423076923076923,0,4.84615384615385,0,-0.05895503054122,0.202364813230645,0.126564541384218,0.308341490484992,0.15606205856434,0.168461397803001,34,2
1.35733100311958,47,0.5,0,4.375,0,-0.246630233776674,0.039119191272619,0.183434163354254,0.649378269339445,0.499159878813804,0.32794979474612,34,2
-1.53895464788118,44.4166666666667,-0.5,0,5.5,0,-0.193061429760517,-0.132152790812162,-0.018180608013352,0.041919768770829,-0.165451984853912,-0.450436023763977,35,2
-0.899729655852809,45.575,-0.35,0,4.05,0,-0.11887796150644,-0.014812956465466,0.08922203919662,0.102467513828752,0.117458390704011,-0.083469343946461,35,2
-0.002952274449183,46.4090909090909,0.318181818181818,0,3.27272727272727,0,0.037004920237223,-0.221855727783749,0.160608490439157,-0.015450590184089,0.070353472005175,-0.132050850137872,35,2
1.10697868626195,48,0.5,0,4.55555555555556,0,0.23465299843528,0.336272729652228,0.233675567520321,0.342629538852933,0.560429331298704,0.7327744435754,35,2
-1.52876705745477,43,-0.5,0,5.85714285714286,0,0.285816614085237,0.093563177059917,0.514774956410555,0.393751278623531,0.111614761560816,0.332864514979236,36,2
-0.851414155227626,44.2631578947368,-0.394736842105263,0,4.10526315789474,0,0.078952245990606,0.192665736772141,0.593486958941254,0.304582163876183,0.169011165831065,0.42508813877224,36,2
0.315186809726472,45.75,0.083333333333333,0,3.83333333333333,0,0.284630921340422,0.191518928604232,0.473749824841561,0.373964581718784,0.278630119694783,0.533464635961454,36,2
1.46865559550057,47.5652173913044,0.456521739130435,0,4.43478260869565,0,0.53464076788794,0.127976509086145,0.261074889460864,0.539865255342432,0.700362287410032,1.1719111312102,36,2
-1.48255244270221,44.3333333333333,-0.5,0,5.33333333333333,0,-0.141629458798191,0.166549953522406,-0.009175087940258,-0.012357330081179,-0.267407752258016,-0.312004979133837,37,2
-0.93049449504134,44.75,-0.318181818181818,0,4.59090909090909,0,-0.048638424124162,0.241622822862255,-0.046803555292859,0.100045932190495,0.115314799066692,0.157666925692703,37,2
0.389292624842259,46.2692307692308,0.346153846153846,0,4.38461538461539,0,0.060787244111661,0.227664985674408,0.055621245099811,0.247170693680262,0.286243018077896,0.140413308744952,37,2
1.2236474802968,47.4117647058824,0.5,0,3.88235294117647,0,0.468167013337917,0.427609967076723,0.229032448012878,0.358595310515365,0.652392593276141,0.809817725172735,37,2
-1.00397649025257,36.875,-0.45,0,4.7,0,-0.333546011776066,-0.175392903429458,0.023100173713669,0.246877699960517,0.057002197014622,-0.404357353826943,38,2
-0.108431723095577,38.5,-0.214285714285714,0,3.92857142857143,0,-0.236640267785357,0.099283453373959,0.230229387665313,0.365359721442762,0.316902474737337,0.131934562126591,38,2
0.643227221457057,40.5,0.388888888888889,0,5.11111111111111,0,-0.05397276782256,0.021985072434723,0.181366759245798,0.50430495120609,0.381488170404785,0.147528808666888,38,2
1.42032427058959,43.5,0.5,0,4.22222222222222,0,0.189528702200333,-0.019400347391713,0.250019210052173,0.441596810048284,0.421778748707781,-0.081915408145876,38,2
-1.45856529797092,37,-0.5,0,5.16666666666667,0,0.005084661525304,-0.156408619847306,0.369541766071216,0.113170481533,-0.187389777104978,0.273689387485427,39,2
-0.839437643420113,38,-0.4375,0,4.25,0,-0.292094609598272,-0.161504594843828,0.135333426063364,0.156850310746023,0.132484802047267,0.131234677059037,39,2
0.29055136378623,40.9642857142857,0.071428571428571,0,4.71428571428571,0,-0.052224860143059,0.192048143228718,0.350660665942958,0.275629385863434,0.571878122604182,0.510794709737561,39,2
1.05184221201475,43.2321428571429,0.321428571428571,0,4.39285714285714,0,-0.053335977007696,-0.042981064994819,0.257869005090227,0.191992771573837,0.331165718807259,0.492943832510655,39,2
-1.26848338350569,43.2,-0.5,0,5,0,0.354631080729959,0.054860660768909,0.028230443604733,0.090469300333816,0.200495607260228,0.594175339553323,40,2
-0.600214497316188,43.75,-0.333333333333333,0,4.70833333333333,0,-0.02253781619698,-0.097465825498791,-0.125834138763523,-0.079092416147421,-0.175875072083548,-0.119870664690901,40,2
0.325559629069731,44.9375,0.25,0,4.625,0,0.080015729341788,0.006333810773573,0.081883885294723,0.070411099705422,0.223998835674979,0.210721679182461,40,2
1.15846460727303,46.625,0.4375,0,3.6875,0,0.154481413591919,0.075718615663538,0.067585860791818,-0.013344766028258,0.080486628082237,0.196176364734464,40,2
-1.42251975075309,45.05,-0.45,0,5.15,0,-0.165349946103744,0.000389510653231,0.040156019603263,-0.058423590569047,-0.096784721842242,-0.195546232057668,41,2
-0.687735160524941,45.8125,-0.25,0,3.6875,0,0.088765401643901,0.086037343436544,0.132770365950048,0.155463195624277,0.112950936006516,0.22588068649475,41,2
0.375015749867058,47,0.5,0,4.57142857142857,0,-0.4120895202571,0.014164179494226,0.01270762437151,-0.150322152447724,-0.028749045728054,-0.336906487642607,41,2
1.37601231427233,48.8947368421053,0.5,0,4.31578947368421,0,0.052751799798389,0.354794196436756,0.315504083041395,0.413132861483894,0.373171341673948,0.510946395436688,41,2
-1.31841436388983,45,-0.5,0,5.36363636363636,0,0.478939835964588,0.075222662988634,-0.056763968669485,0.096362642559015,0.130322232388202,0.114289999374667,42,2
-0.577080380491418,46.3684210526316,-0.236842105263158,0,4.52631578947368,0,0.170722878145927,0.157063857978561,-0.133283768393981,0.092979590564971,0.176354649490818,-0.100004175935663,42,2
0.256098785253261,47,0.071428571428571,0,4.85714285714286,0,0.35255246845877,-0.068395962272432,-0.199236536787618,0.135611728467,0.345320671406674,-0.025202156734594,42,2
1.35262433634258,47.98,0.38,0,3.8,0,0.663867714533766,0.397825028463772,0.321622952057927,0.352270587477848,0.66103330095922,0.846545378463364,42,2
-1.30081200379218,41,-0.5,0,4.88888888888889,0,0.083008261461344,-0.124855631119548,0.103886023165997,-0.09222839536659,-0.129785739733163,0.107778287257144,43,2
-0.581993821232962,43.5263157894737,-0.447368421052632,0,3.94736842105263,0,0.196147471011386,0.131519588273166,0.422160752744687,0.041050835400716,0.603004964120993,0.717068142528609,43,2
0.400381215656038,45.1176470588235,0.264705882352941,0,4.76470588235294,0,-0.004856587784992,-0.246272143455966,0.124062197744134,-0.133822927548998,-0.106430507016278,0.116758576570853,43,2
1.22350667279441,48.5,0.5,0,3.92307692307692,0,0.063667862455708,-0.240031293412985,-0.013190704320235,-0.150100279722495,-0.250240282265298,-0.162407080863913,43,2
-1.44673380090751,40.8125,-0.5,0,4.1875,0,-0.277332550634194,-0.261728934891609,-0.096638153235256,0.039440143029174,-0.035039179912372,-0.274418943959967,44,2
-0.912955000515465,41.775,-0.15,0,5.4,0,-0.190866299468182,-0.289788432231909,-0.302017753446176,-0.241866177973312,-0.293967554283182,-0.430334214446105,44,2
0.33398754478613,45.625,0.416666666666667,0,4.5,0,-0.08455117352428,-0.032688406994907,-0.019219022355411,-0.003532009760949,0.005226347892076,0.142051761538766,44,2
0.892499036299764,46.625,0.375,0,3.6875,0,0.178042934420325,0.089108833748079,0.158033688206924,0.369047836108861,0.296255975098479,0.09125869302441,44,2
-1.2561464835512,48,0,0,10.75,0,-0.289803804629625,0.422730210174092,0.049350249137416,0.520415489239804,0.541553519745682,0.370760555503211,45,3
-0.457487463887469,48.3571428571429,-0.232142857142857,0,6.57142857142857,0,0.329671402362232,0.393322401734491,0.549873454602632,0.858640997205565,1.15078141180759,1.21687568153568,45,3
0.17984600680192,48.6129032258064,0.096774193548387,0,7.29032258064516,0,0.347729175627741,0.495187746965715,0.531646691374957,0.754258966244153,1.09218920558976,1.3900249224694,45,3
0.902030338137437,48.8571428571429,0.5,0,10.2857142857143,0,0.508720247049356,0.835685085590911,0.526764742333855,0.788034790775027,0.970339633178971,1.72034022617678,45,3
-1.52989609278509,48.4,-0.166666666666667,0,8.66666666666667,0,0.269115380039901,0.141030623939653,0.57530446350845,0.549620817087774,0.359514311169153,0.541766915488479,46,3
-0.718721133634273,48.4838709677419,-0.080645161290323,0,7.06451612903226,0,0.669588228475749,0.489688792077064,0.784049081161926,0.730126708599515,0.633603952760458,0.701694389358129,46,3
0.20101758547639,48.6,0.15,0,6.95,0,1.03337223507078,0.459780683370283,0.795052169368887,0.753144433666214,0.67988617552599,0.729182385933149,46,3
0.84090021238671,48.5,0.5,0,9.25,0,0.640083701205887,0.826335103973847,1.17785284444987,0.868368892593438,0.95989681655238,1.10847968254142,46,3
-1.21649529791558,48.36,-0.42,0,8.6,0,0.161171212452565,0.260161093610858,0.038247195943857,0.231880565161097,0.111896984370514,0.330212683682147,47,3
-0.645735864203586,48.6363636363636,-0.227272727272727,0,6.72727272727273,0,0.12109366066165,0.500019928998273,0.481860131451744,0.441870974602812,0.427224471469793,0.633586330624691,47,3
0.258828061960565,48.5,0.363636363636364,0,7.27272727272727,0,0.090790190007179,0.400128227936135,0.162100370326339,0.302956813784842,0.271044685943036,0.486571726636511,47,3
0.866404834421699,48.6666666666667,0.416666666666667,0,6.33333333333333,0,0.082658251361002,0.632333403966617,0.171029006945226,0.502408795243298,0.567642970567251,1.07758507988021,47,3
-1.71352937102894,48,-0.1,0,7.6,0,0.154044850628403,0.37620823824849,0.237721604013218,0.320969776729807,0.433079767741926,0.451117944424133,48,3
-1.14675999376598,48.45,-0.05,0,5.95,0,0.127342286897172,0.241341736403483,-0.02043029192372,0.382894258081662,0.306307190957574,0.341855857809353,48,3
-0.499282657065,48.52,0.02,0,7.92,0,0.164457092573917,0.149733680269247,-0.052420253097381,0.26157206602431,0.215776461697732,-0.149623199299305,48,3
0.278754480043734,48.6842105263158,0.026315789473684,0,8.52631578947368,0,-0.069886542017169,0.182349642765355,-0.065405248019637,0.303338372438879,0.168211575993619,-0.00945753263052,48,3
-0.186369283933651,48.3125,-0.34375,0,6.375,0,0.341074539094367,0.668539322775011,0.546867700561663,0.633858667391293,0.580612211165488,0.235405636290761,49,3
0.520973814003162,48.5789473684211,-0.236842105263158,0,7.68421052631579,0,0.327722159082918,0.465253857248749,0.411847386422202,0.464069531558639,0.406011090164683,0.029759736986757,49,3
1.33156055908997,48.4642857142857,0.267857142857143,0,8.78571428571429,0,0.395712772792126,0.550644403392625,0.43774030102502,0.568388039874766,0.560218608386115,0.275909211533262,49,3
1.97538358273945,49,0.5,0,5,0,0.885826611290646,0.907972190981216,0.777503761147749,0.773222939543753,0.814058372814072,0.725216721343775,49,3
0.081024411597472,48.2857142857143,-0.5,0,5.71428571428571,0,-0.302743975910223,-0.238612759497092,-0.439688563985525,0.291689278909984,-0.033362319190575,-0.003049209147054,50,3
0.611568529214361,48.3703703703704,-0.111111111111111,0,7.81481481481481,0,0.295365696722541,0.173956416291461,0.295260613635523,0.441232227682805,0.320976625373287,1.09357277013199,50,3
1.29320681770187,48.6521739130435,0.130434782608696,0,8.34782608695652,0,0.043362917945093,0.056073029978845,0.098223284640349,0.408443892670869,0.184788761690739,0.734039653040556,50,3
2.19874884745867,48.6153846153846,0.269230769230769,0,6.30769230769231,0,0.163518241865561,0.06637352257232,0.084780872147106,0.39118700934438,0.325717243935692,0.735438181083998,50,3
-1.40067267476164,48,-0.083333333333333,0,11.8333333333333,0,0.521679683582085,0.279274479123627,0.480468679823913,0.207070425351638,0.504270094957877,-0.215749879020316,51,3
-0.863966716668461,48.3913043478261,-0.130434782608696,0,7,0,0.537622390445513,0.14913011333279,0.54302012437419,0.239299835295256,0.518775977696374,-0.028093416002885,51,3
-0.240975333508106,48.5384615384615,-0.057692307692308,0,7.11538461538461,0,0.507243780717945,-0.038651024062015,0.396752223601975,0.381800677882586,0.409404871053265,0.083306911674126,51,3
0.30568099713524,48.8,0.333333333333333,0,7.2,0,0.171422406128173,0.133219372497379,0.345666927525984,0.325810546031524,0.292430080456389,-0.006811978977912,51,3
-1.63115888819528,48,-0.444444444444444,0,8.77777777777778,0,-0.034918014292632,-0.052649427713251,-0.02071981594342,0.233835399272142,-0.120283886228726,-0.954773807972541,52,3
-1.28702049963021,48.5,-0.026315789473684,0,7.44736842105263,0,-0.032070649778493,0.088654785196799,0.140650546588389,0.303924396307515,-0.075172933413585,-0.842326803865254,52,3
-0.774959282227036,48.7777777777778,0.166666666666667,0,8,0,0.029619598904297,0.13365751733785,0.283621819106291,0.447960789529145,0.49633095354811,-0.354130693518656,52,3
-0.39068964442046,48.5,0.5,0,2.5,0,0.401969747002043,-0.007123509786876,0.198123079215694,0.44985951410339,0.310480385371521,-0.604977772671465,52,3
-0.894831005695135,48.125,-0.3125,0,8.375,0,0.512090202107095,0.379591150239081,0.428162675523649,0.560814543495068,0.51868244881256,0.246986911323541,53,3
-0.04204551036201,48.5,-0.285714285714286,0,7.85714285714286,0,0.681102056951767,0.475683514054646,0.546543739785332,0.646788272588438,0.66428623491567,0.688486004362887,53,3
0.879285956663883,48.5909090909091,0.25,0,6.27272727272727,0,0.640496031709969,0.553255646851814,0.498966373404349,0.6003899217989,0.744337735378338,0.851331367947289,53,3
1.75906660366264,48.5,0.416666666666667,0,8.33333333333333,0,0.62802944830143,0.672508970807965,0.61215108877838,0.627595672765178,0.789058044676274,0.822698820811353,53,3
-1.84350848157056,48.6666666666667,-0.033333333333333,0,9,0,0.458893844169032,0.00618389815064,0.064468335110384,0.333691937268349,0.259983890691347,0.080641377868537,54,3
-1.71687032734633,48.4736842105263,0.039473684210526,0,7.42105263157895,0,0.2484551945571,0.151925906897389,-0.006718840610101,0.155105197022072,0.114235450692785,0.130412356763795,54,3
-1.45322765338361,48.2727272727273,-0.090909090909091,0,6.09090909090909,0,0.550911630095421,0.164456839107454,0.224844958113993,0.230992102134002,0.270650737198897,0.511481820885307,54,3
-1.23064186157289,48.75,0,0,8.25,0,0.484722126916637,-0.04718129795088,0.0616999875584,0.050123832491848,-0.099981633992478,-0.190748039481362,54,3
-0.565092678519778,48.5714285714286,-0.5,0,8.71428571428571,0,-0.276924988043939,0.268474464549449,0.335639900916405,0.697464172926432,0.581969068716252,0.703880910129645,55,3
-0.09497772180219,48.4375,-0.15625,0,8,0,0.165417954378166,0.285490869667191,0.369742531809253,0.669885633731632,0.722768696414606,0.72483387861124,55,3
0.481001657860532,48.5,0.138888888888889,0,7.02777777777778,0,0.251592931210837,0.169986613145203,0.360041953602571,0.675670929652659,0.688494994650182,0.704439076446582,55,3
0.931016543410754,48.7,0.05,0,6.9,0,0.464974468377873,0.340033884196909,0.418624093592462,0.918127902534165,0.889075526113749,1.19203801759095,55,3
-1.1059525985678,48.5,-0.5,0,9.16666666666667,0,1.23192065184419,0.806162281768253,1.01270226633944,1.22024011704627,1.50545187825537,1.26902580716483,56,3
-0.58112415519186,48.5333333333333,-0.35,0,7.2,0,1.53015996802799,1.02449851031016,1.23844086554235,1.02406635843896,1.7912323317915,1.87683170186043,56,3
0.33666438977586,48.5555555555556,0.407407407407407,0,7.92592592592593,0,1.59645475221682,1.1190566114033,1.34597993543668,1.10892606866625,1.95046469349744,1.97700817761456,56,3
0.934093291481602,48.5714285714286,0.357142857142857,0,5.71428571428571,0,1.77411534927648,1.3383825036738,1.49957734647849,1.30677345823475,2.14129888963779,1.93593360863348,56,3
0.297746225943782,48,-0.416666666666667,0,8.16666666666667,0,-0.067795166362788,0.054719684600849,0.004797331543944,-0.01230604609018,-0.280814087848832,-0.232721393532564,57,3
0.811853281856975,48.625,-0.3125,0,7.4375,0,0.029750781780565,-0.105026453692375,-0.004474416149337,0.042000276456992,-0.057349009141245,-0.173780470679631,57,3
1.28770340491605,48.4722222222222,0.069444444444444,0,7.55555555555556,0,0.152519193982528,-0.139969528003381,-0.181099109309744,0.099608532172465,-0.025327932111439,-0.322464995968168,57,3
1.61926349052076,48.75,0.416666666666667,0,7.08333333333333,0,0.286854592729333,0.102066032151699,-0.054322829010696,0.068824013219,-0.036161876751715,0.144148428781347,57,3
-0.604104077175545,48.0909090909091,-0.318181818181818,0,9.09090909090909,0,0.220521966595424,0.101439990737051,0.150897840168351,0.188244537935582,0.209249403264654,0.065439731246755,58,3
-0.01367465470675,48.56,-0.2,0,7.32,0,0.344666427221247,0.208726580122846,0.184442168639346,0.256528769634358,0.329054668303607,0.130883614197747,58,3
0.754940190229632,48.4166666666667,0.145833333333333,0,8.20833333333333,0,0.332628663720848,0.336402976115265,0.238471160891895,0.354117298961798,0.385195643454478,0.235088080795492,58,3
1.41277051408954,48.8,0.5,0,4.5,0,0.255070659497827,0.435719484197296,0.349248979885303,0.42861403532468,0.529454564865591,0.327923389846887,58,3
-0.726379049887393,48.2857142857143,-0.214285714285714,0,8.42857142857143,0,0.037915235155335,0.228847768850667,0.063208482151425,0.341765527900204,-0.255242931034554,0.142715216997695,59,3
-0.03838579949337,48.3,-0.25,0,8.35,0,-0.024354465753353,0.26272319753428,-0.05501614356918,0.261937527908303,-0.068709933470089,0.240163789983364,59,3
1.29343155405147,48.56,0.08,0,6.8,0,0.196963098701375,0.304257044285289,0.153689160412953,0.311927281715614,0.05065769835868,0.578959207483358,59,3
2.0511528692208,48.6470588235294,0.264705882352941,0,7,0,0.208589081576292,0.027719338041666,0.19184487904718,0.345252597983049,-0.321866462758148,0.420544321152186,59,3
-1.28505172179329,48.2857142857143,-0.142857142857143,0,5.57142857142857,0,0.300339840254425,0.935267034597549,0.388685214233671,0.667873903708475,0.435684978321993,-0.260632441493287,60,3
-0.67917525746404,48.4166666666667,0,0,8.83333333333333,0,-0.083851998345831,0.752825762499511,0.459633082435962,0.604205776268962,0.58369481629267,0.385694070717183,60,3
-0.074219793372899,48.46875,-0.046875,0,7.96875,0,-0.047696069168703,0.732320466000938,0.394780862674233,0.582861044818364,0.444999682622112,-0.056848379051364,60,3
0.29677178027216,48.6842105263158,0.131578947368421,0,6.57894736842105,0,-0.11439784761097,0.831006977788653,0.542785518311213,0.562885594603393,0.525680207714093,0.214659528302152,60,3
-1.43869405885361,45.0769230769231,-0.096153846153846,0,5.19230769230769,0.538461538461538,-0.03976482833104,-0.21668398638261,-0.386569510586706,-0.115555644937243,-0.241941706650321,-0.699128585149015,61,4
-0.027515817487989,46.8666666666667,-0.066666666666667,0,4.66666666666667,0.533333333333333,-0.116900891531595,-0.424241880764302,-0.366261614461824,-0.322545038128908,-0.316479107308536,-0.672863139946611,61,4
0.971110177576217,46.6666666666667,0.083333333333333,0,3.58333333333333,0.333333333333333,0.153079426400615,-0.498212353545494,-0.175135811723665,0.32507427423633,0.102213956080645,-0.082759170910669,61,4
1.98494367510333,46.6666666666667,0.25,0,1.66666666666667,0.5,0.031062017199262,-0.126147524255381,-0.028042676832741,0.088549023537147,0.051084762283741,0.739229481372286,61,4
-1.58881940367974,43.5,-0.25,0,5.5,1,-0.16919161001195,-0.140436086755807,-0.100447389263756,-0.028047926781503,-0.022229199675861,-0.296393089615197,63,4
-1.31846380433918,44.0714285714286,-0.095238095238095,0,5.38095238095238,0.571428571428571,0.095037822385084,0.02791422174932,0.12721360334675,0.231683905312525,0.269033704630663,-0.169201404552505,63,4
-0.801891498456318,44.9285714285714,-0.023809523809524,0,5.33333333333333,0.380952380952381,-0.036145545617985,-0.107595595520357,-0.030035264201595,0.101074643074105,0.060216643535076,-0.141665294057379,63,4
-0.321527531770852,44.7857142857143,0.071428571428571,0,2.28571428571429,0.357142857142857,0.407375856050637,0.469922504712,0.557904607556962,0.496048051672465,0.715968694531699,0.601995182345994,63,4
-0.828444280534409,44.5,-0.178571428571429,0,5.85714285714286,0.571428571428571,-0.631658888857172,-0.046329937612183,-0.173130831854702,-0.063948200547696,-0.09640385382363,-0.445870151110006,64,4
-0.096231198987049,44.9444444444444,-0.027777777777778,0,4.38888888888889,0.666666666666667,0.050243037719331,0.192922394374972,0.261325364917523,0.139916188988099,0.441260330035557,0.326523973508274,64,4
0.846915574129146,46.1,0.1,0,4.2,0.5,0.646331434534204,0.349881849473069,0.435279535090279,0.42465302831282,0.788987694152688,0.487631159348587,64,4
1.49876442969828,46.5,0.045454545454546,0,3.81818181818182,0.090909090909091,0.723820631272057,0.276990855642611,0.328156354311517,0.348391091866782,0.779834302729936,0.518958158789686,64,4
-1.48381522000729,44.5,0,0,6,0.642857142857143,0.032491930244329,0.037555947187611,0.002269268169553,-0.024563660858428,-0.04980167292158,0.113430715391403,67,4
-0.721724965005239,45.4473684210526,-0.078947368421053,0,4.57894736842105,0.473684210526316,0.305235601182156,0.13388039683394,0.267614437960376,0.323935378807633,0.346754738683668,0.542017677929394,67,4
-0.028642299151908,46.1666666666667,-0.055555555555556,0,4.16666666666667,0.388888888888889,0.332264951421346,0.115428160452761,0.309481373882122,0.429108421036737,0.401330912366762,0.607469471996768,67,4
0.641614290879906,45.9285714285714,-0.214285714285714,0,1.57142857142857,0.285714285714286,0.594012707781718,0.241702237126283,0.246857002227283,0.457918032252057,0.389137652642754,0.910363595789415,67,4
-1.3932943720138,45.0952380952381,-0.142857142857143,0,5.33333333333333,0.571428571428571,0.0177646341678,-0.153830973371154,-0.027993268688492,0.03086179221262,-0.123928328974308,0.15904797034659,70,4
-0.580618314472225,45.6666666666667,0.333333333333333,0,4.11111111111111,0.666666666666667,0.138996967397991,-0.067762690079426,0.403356261756671,0.071912388392803,-0.117063816027724,0.927035743493939,70,4
0.204398595071338,46.75,0.083333333333333,0,4.125,0.416666666666667,0.188251233820991,-0.060868839349154,0.148914997641309,0.155842310803414,-0.038128500012696,0.372195813534032,70,4
0.838748582065733,46.5555555555556,-0.166666666666667,0,4.11111111111111,0.444444444444444,0.538234976405585,-0.309557867061989,-0.363080207834774,0.033695187350175,-0.214402394278799,0.2804036686147,70,4
-1.1832860046689,45,0.055555555555556,0,5.66666666666667,0.333333333333333,-0.105382797045417,0.107894330168834,0.244940167792686,-0.053080395126978,0.116086844302129,0.220603339059765,73,4
-0.748182461980179,45.75,0.0625,0,4.54166666666667,0.5,-0.0998917212063,0.073051506339947,-0.115360116969986,-0.005221576196542,-0.06366049956206,-0.145739759456243,73,4
-0.092208050187338,46.6190476190476,0,0,3.95238095238095,0.571428571428571,-0.02796999225884,0.074266837893734,0.135950854314301,0.140292162494463,0.214047624834897,0.241949350476527,73,4
0.371258691539342,46.6666666666667,-0.166666666666667,0,4.83333333333333,0.666666666666667,-0.233113575623231,0.038674585809783,0.09520299117022,0.156823816352461,0.195620443683181,0.544990139540077,73,4
-1.22130476082617,45,0.125,0,5.75,0.25,0.722526115882646,0.467650517503268,0.298476683646516,0.245876441616493,0.776855375217628,0.373150909343702,74,4
-0.652973098270101,45,0,0,4.30769230769231,0.538461538461538,0.746354388982408,0.434265393151901,0.387600507929619,0.377821937875296,0.686658985006101,1.35463136644944,74,4
0.281944788185763,45.7619047619048,0.071428571428571,0,4.52380952380952,0.523809523809524,0.635711704879334,0.483288788455799,0.316175747299116,0.30779381394756,0.570800911125411,0.569092571632184,74,4
0.966885871336521,46.9166666666667,-0.041666666666667,0,4.29166666666667,0.5,0.862616158208358,0.396683049882016,0.362285123238398,0.35384529050314,0.676657163135779,0.794830319468444,74,4
-1.00139234775962,44.1176470588235,0.117647058823529,0,5.64705882352941,0.764705882352941,0.299692285312657,-0.37021125412517,0.012763294276137,0.065521935192658,0.289452700899354,0.096054537771629,76,4
-0.207471263299052,44.6666666666667,-0.041666666666667,0,5.25,0.416666666666667,0.316745222343238,-0.016372557669114,0.310401763048056,0.225332884728473,0.555935116791105,0.457436153988828,76,4
0.82627682078663,45.4285714285714,-0.035714285714286,0,4.42857142857143,0.285714285714286,0.362245450324688,0.04059934397733,0.57507810673534,0.308080459305328,0.561434402266289,0.614742727656279,76,4
1.30060606427253,45.6470588235294,-0.029411764705882,0,3.52941176470588,0.411764705882353,0.479309403131748,0.019951786254307,0.46137001646744,0.219020663830963,0.691967232735218,0.692541421805383,76,4
-1.58881940367974,45.5,-0.0625,0,6,0.5,-0.295428946452511,-0.245445669565666,-0.181800693132642,-0.2007922197433,-0.465744042522641,-0.591502822002845,77,4
-0.859639157381397,46.2692307692308,0,0,4.23076923076923,0.423076923076923,0.404139231985382,0.082734178899883,0.069628255846369,0.148697848808645,0.200427929592307,0.593966054872942,77,4
-0.044413042446774,47.2333333333333,-0.066666666666667,0,4.4,0.4,0.528852945391501,0.143523575572848,0.348775829615455,0.460759130064276,0.712805741419253,1.27916505043271,77,4
1.14853103964346,47.5,0.166666666666667,0,2.33333333333333,1,0.699361554729915,0.37828703736382,0.270562589663989,0.625966653645216,0.980871382443639,1.67634736858748,77,4
-1.4207364817213,45.3157894736842,-0.078947368421053,0,5.47368421052632,0.578947368421053,-0.072842259165047,0.145174918630009,0.293337745011134,0.256774744900523,0.303729582054215,0.139119037556078,78,4
-0.767080674105136,46.0526315789474,0.026315789473684,0,4.26315789473684,0.421052631578947,-0.053431823272766,-0.046795440168143,0.147769888392697,0.241359536372847,0.209282391512563,-0.343187618904513,78,4
-0.140938440023835,46.375,0.09375,0,4.5625,0.5,-0.109136331680929,-0.019332099646152,0.263196308021619,0.334225326044109,0.35533676727779,-0.151412053606599,78,4
0.523333716168409,47,0,0,2.33333333333333,0.333333333333333,0.260593948740178,-0.147812533439092,0.52510794991608,0.441668497867566,0.483370910507861,0.660255004610007,78,4
-1.47476313520794,44,0.125,0,5,1,0.821148961139631,0.697265418910292,0.992858407467504,0.694609493229613,0.769857914880286,1.29188879503303,82,4
-0.597025764794524,44.5217391304348,0,0,5.26086956521739,0.695652173913043,-0.385665886332773,-0.065822267542715,-0.013893752702199,-0.001559097074946,-0.070553366400582,0.09144046695983,82,4
0.314068083986531,45.3846153846154,-0.038461538461539,0,4.23076923076923,0.307692307692308,-0.135267407427071,0.022522460268076,0.042828850234529,0.121741738052681,0.092057971197679,0.200487291669798,82,4
1.23864957275698,45.7777777777778,0,0,3.11111111111111,0.444444444444444,-0.020884931835413,0.283233771424959,0.424108568454288,0.347540412613407,0.351248752793584,0.823027608245954,82,4
-1.08914432275567,45,0.047619047619048,0,5.52380952380952,0.619047619047619,0.121571391360616,0.018339552233457,0.120458687316355,0.062870754068646,0.332435883916305,0.413389391957258,84,4
-0.25562835443159,45.2,-0.1,0,4.3,0.4,-0.020105856710034,0.213361486322298,0.162231338840271,0.151015604467323,0.662161764500371,0.595159922973781,84,4
0.653541743791989,46.7647058823529,0.029411764705882,0,3.52941176470588,0.647058823529412,0.390823616939387,0.469642948177156,0.688640657245644,0.626962065259232,1.30740557211409,1.56702833608931,84,4
1.37981180626683,47,-0.15625,0,4.3125,0.25,0.322877732187473,0.335150739297204,0.705943192965586,0.467045426486693,1.2997517413939,1.50621838535495,84,4
-1.20356267461944,44.5,0.033333333333333,0,5.8,0.6,-0.247100181405919,0.066749618494377,-0.100278239378649,-0.020546864229808,-0.05226792978208,-0.229459960442567,85,4
-0.203246957059355,45.1666666666667,0,0,4.22222222222222,0.555555555555556,-0.115734061461054,0.018210483957667,0.038778508186127,0.005955408674409,0.129032866666816,-0.093277235337242,85,4
1.10678495445117,46.1470588235294,-0.088235294117647,0,4.29411764705882,0.411764705882353,0.36017183960446,0.254748710757526,0.738770169304694,0.208856035566033,0.596953593738979,0.919532315523179,85,4
1.91453857110839,46.2777777777778,0,0,3.11111111111111,0.444444444444444,0.154573336577409,0.398784965383602,0.719276684294092,0.223254155429309,0.64045375799481,0.755609230595355,85,4
-0.098484162314887,44.5,0.1,0,5.6,0.4,0.150214873987503,0.316987682441364,0.199110913258108,0.320295604507533,0.646263613774597,1.04909106635295,87,4
0.38477647150637,45.3,-0.1,0,5.06666666666667,0.533333333333333,-0.168480682438895,-0.088093353890059,-0.038651405814849,0.041215238918701,0.006164337372918,0.137558444054704,87,4
0.980326845735555,45.5,0.090909090909091,0,3.68181818181818,0.409090909090909,0.025470630220899,0.073661902868072,0.203357568194154,-0.058419817699092,0.159816863997324,0.460990969730039,87,4
1.49386807473864,46.25,0,0,4.25,0.5,-0.036293246045534,-0.072204263386508,-0.004386193375208,-0.052443233540206,0.106815040807144,0.403553671830176,87,4
-1.08190265491619,45.5,0,0,7.66666666666667,0,-0.069918676095677,-0.238080211881986,-0.72097523503023,-0.385810019709688,-0.430829844777013,-0.494952741075402,88,4
-0.306099630721526,45.6739130434783,0.065217391304348,0,4.69565217391304,0.521739130434783,0.231389556592386,0.204265773529493,0.109938789554186,0.168485895418833,0.272889575922456,0.21563191199667,88,4
0.6572117293034,47.0384615384615,0,0,4,0.769230769230769,0.108342046803517,0.021844403481382,0.028518894863818,0.47954911154727,0.455279989441385,0.595693518974054,88,4
1.4675904050417,47.3823529411765,-0.117647058823529,0,3.76470588235294,0.176470588235294,0.391808814288126,-0.03732138782289,-0.140526778137073,0.356597223982208,0.456893961095471,0.489377114342774,88,4
-1.03845264787931,44.5,0,0,6.14285714285714,0.428571428571429,0.163552130048927,-0.337816251794375,-0.022814583935998,0.167856912076429,0.281730181871954,0.513056604487805,89,4
-0.041389328506781,45.1315789473684,-0.157894736842105,0,5.31578947368421,0.578947368421053,-0.369277331135601,-0.184878408324767,0.317007819506765,-0.098571423149405,0.223858061050928,0.221446024849539,89,4
0.833709058832411,45.9736842105263,0.026315789473684,0,3.89473684210526,0.473684210526316,0.035543163816548,0.227174931873046,0.567977084873304,0.204169169715143,0.629384572882024,0.959928673443861,89,4
1.75176197067209,45.7,0.05,0,3.2,0.4,0.266303820466732,0.308061760115596,0.655057988123024,0.230978933924063,0.608056815395949,1.2051994571121,89,4
-1.08525454571358,42.6153846153846,0,0,5.53846153846154,0,0.103328915453359,0.120407437634689,0.161960110611451,0.193405253271881,0.248374626526633,-0.402826238926555,90,5
-0.484996544895956,44,0,0,3.07692307692308,0,0.295722588066875,0.127144540799501,0.205325432978207,0.259357177277256,0.318732428240017,-0.184203524310704,90,5
0.481507142953925,47.2727272727273,0,0,5.81818181818182,0,0.396465985032705,0.218399403114288,0.217977300647314,0.379857630082711,0.489334169198354,0.176320352885817,90,5
1.15263679758367,47.8181818181818,0,0,3.63636363636364,0,0.629970592593656,0.226517450277822,0.136406666957469,0.437346545983521,0.477434732094932,-0.345967611831441,90,5
-1.10753738940131,42.9642857142857,0,0,5.14285714285714,0,-0.006037926369251,0.337498959505293,0.077800092269337,0.186327629098368,0.088440855917149,0.179472076739831,92,5
-0.287653276547719,45.4285714285714,0,0,4.71428571428571,0,0.048999596684348,0.060747951867806,0.110102933516229,-0.034243031772916,-0.085710429488574,-0.101440932864965,92,5
0.459185213651547,45.75,0,0,3.33333333333333,0,0.261664191058279,0.028359303649058,-0.090735204933825,0.164076264577745,-0.106637614988134,-0.040020775795973,92,5
1.79293275426496,47.85,0,0,4.5,0,0.409463311274769,0.511795522442458,0.49224500233607,1.06308315062833,0.968520179545019,0.907075282726468,92,5
-1.11875442169282,41.8,0,0,5.6,0,-0.33605607589566,0.287940223967433,0.114534009514519,-0.063305625884929,0.350797967863308,-0.124129815197761,94,5
-0.505710842434545,44.2333333333333,0,0,4.13333333333333,0,-0.334258512636457,0.177394696916716,0.068042824268392,0.104902082728126,0.074881218871329,0.024512143186493,94,5
0.256816074371746,44.6666666666667,0,0,4.33333333333333,0,-0.015821196341329,0.302995744250718,0.332238022146011,0.377328339164065,0.614702531208361,0.332533073472401,94,5
1.08974669583825,46.4230769230769,0,0,4.23076923076923,0,0.061154999139469,0.129635411281197,0.253791191251764,0.090726199642785,0.62632726476244,0.934662453175381,94,5
-1.08313745317958,43.1333333333333,0,0,4,0,-0.128202556130066,-0.016835283015024,-0.022043014022388,-0.046755025861195,-0.106579346513921,-0.389676254292474,97,5
-0.291267011177715,43.875,0,0,5.375,0,-0.21498865589011,0.259231560237971,0.205116980104623,0.258227151927868,0.232578061576644,-0.028588192798882,97,5
0.617370424188591,44.875,0,0,5.125,0,-0.439921863329164,0.17883320361739,0.128785707525355,0.271544382040009,0.244841573273658,-0.032179221546654,97,5
1.60594366957042,46.1538461538462,0,0,3.92307692307692,0,0.189155642361831,0.301141743759692,0.273034377350546,0.311277800915586,0.35013574366039,0.671916106481606,97,5
-1.0378067659809,41,0,0,5,0,0.07696826371455,0.191619085807913,0.416363735157096,0.232729298211203,0.117193872914749,0.414934650732063,98,5
-0.242361135851763,42.4666666666667,0,0,5.46666666666667,0,-0.127518090517021,-0.117092453566046,0.060520764610982,0.121964115409113,-0.201231061284433,-0.00789355585775,98,5
0.581506115616227,43,0,0,4.55555555555556,0,0.241657668665286,0.488341436982321,0.52166133444856,0.270756860506085,0.279595857185429,0.528273606922432,98,5
1.48991869638333,44.6666666666667,0,0,3.08333333333333,0,0.339911547577509,0.210547279398836,0.458780941305598,0.27831125422117,0.370683155787287,0.969205540252118,98,5
-0.731824627389842,41.2,0,0,4.7,0,0.056820575788586,0.032081063645516,-0.017993430443411,0.216697148702978,0.050969933129855,0.390839360595558,99,5
-0.121132384797483,43.3571428571429,0,0,4.85714285714286,0,0.067853895118342,0.141687995473543,-0.107272303823833,0.275563291329788,0.083209552421901,0.653770976471839,99,5
0.870476397673542,46.1428571428571,0,0,4.85714285714286,0,0.596641350561553,0.067028983113161,0.358058965305933,0.450731058977896,0.53585372723719,1.58521663189774,99,5
1.41166929586181,46.5,0,0,2,0,1.06896390233166,0.38836576923927,0.621863152055655,0.610337924914326,1.18418509353656,1.70339841558728,99,5
-0.931090773200686,37,0,0,4.66666666666667,0,0.04561568936347,0.12402403747494,0.162668484724694,0.204880847439782,0.236548175827119,0.182565464710583,101,5
-0.031406639147971,37.9090909090909,0,0,3.90909090909091,0,0.087304464562391,-0.085601102885017,0.272129525623625,0.20203974988637,0.410069050163849,0.331658994162006,101,5
0.838964631699973,41.75,0,0,4.41666666666667,0,0.232518950047649,0.065517320311289,0.170143273271423,0.221462277442318,0.306313481014302,0.392485853218096,101,5
1.60270576334194,44.1,0,0,4.2,0,0.115129758405986,0.304263199375122,0.360530001785136,0.474227861932743,0.476773835516704,0.808970739194498,101,5
-1.09833070548243,42.9230769230769,0,0,4.76923076923077,0,0.159490005829844,0.033320304468478,0.378447179727587,0.142100264543375,0.523281339208185,0.419719526674791,102,5
-0.639847853587172,45.3125,0,0,4.5625,0,0.491148275625649,0.155658823024547,0.266467013475033,0.267765631173609,0.480281456222193,0.460022825429272,102,5
0.108412038899892,47,0,0,4.11111111111111,0,0.884902583449092,0.192700334178179,0.37436500124026,0.39518329345578,0.625491115188993,0.817770278670791,102,5
1.07438739706214,47.7777777777778,0,0,4.77777777777778,0,1.27636290277981,0.227111664692709,0.874309253306199,0.495879071106191,1.08934268040288,1.34749461969073,102,5
-1.2183936269964,43.6363636363636,0,0,5.09090909090909,0,-0.087366202219794,0.205786381844139,0.173436585548636,0.277216242274259,0.278536716387145,-0.217096599242178,103,5
-0.135442773932269,45.375,0,0,3.875,0,0.355047439094841,0.273336327374867,0.453164983505977,0.42182667461879,0.451515381423485,0.188810988617345,103,5
0.748476716564862,46.7857142857143,0,0,3.5,0,0.270380677692792,0.334103612386695,0.364115656535059,0.332607943676524,0.340990337188948,0.745091330490473,103,5
1.54118554500088,47.625,0,0,4.875,0,0.560179276018337,0.336067074059456,0.115917881835986,0.047398770431021,0.07393106919802,0.87159885285227,103,5
-0.182999521663022,42.5,0,0,4.77777777777778,0,0.286738981692915,0.297114195941067,0.240074166470211,0.408294556103065,0.333279020401598,0.110795160372784,104,5
0.38479046340202,43.1428571428571,0,0,3.78571428571429,0,-0.003827137774192,0.353966279030151,0.173477559064693,0.505283253975828,0.450482399471628,0.192194271540236,104,5
0.982646720588632,44.5,0,0,6,0,-0.141640716082461,0.321088981267683,0.26187584771069,0.39110500546549,0.396481179921037,0.100615952915638,104,5
1.68851027839658,46.1333333333333,0,0,4.13333333333333,0,1.01398538883468,0.558532575848605,0.435017801493356,0.831694136673741,0.990678625657656,1.02837900831642,104,5
-1.13312263058169,43.2708333333333,0,0,4.91666666666667,0,0.294632104546737,0.420541098714302,0.448926933148766,0.116433922390699,0.040187194116789,0.536787300159173,108,5
-0.178952138877426,44.35,0,0,4,0,-0.060701581747281,0.660678181752947,0.493844471112549,0.099849301383575,0.132764020977879,0.814366053037187,108,5
0.881462150948731,45.75,0,0,3.5,0,0.340706579179248,0.147790143539565,0.656769490503623,0.58858564758788,0.663079254417679,1.17492895362652,108,5
1.78564746525088,46.5,0,0,4.4,0,0.462456919584684,0.283244051800269,0.751326419518789,0.717234023611815,0.854368317436408,0.997499130136178,108,5
-1.20361454743082,41.5416666666667,0,0,4.16666666666667,0,0.180176408920266,0.036110756113639,0.033439469792468,0.032149095917787,0.248690875250646,0.314282847818763,111,5
-0.787726126099133,41.6470588235294,0,0,4,0,-0.076668592924894,-0.071508050217579,-0.049358831842814,-0.093138032148996,-0.179227031754705,0.061304612453791,111,5
-0.345704309643982,42.35,0,0,4.8,0,-0.2551653411321,-0.283320069586273,-0.347771600685729,-0.051793459811374,-0.205909132045411,-0.613160668636086,111,5
0.105713783709494,42.3333333333333,0,0,2.33333333333333,0,-0.224335527876887,-0.174344189159676,-0.085042640882423,-0.209961247089552,-0.09683585623106,-0.515840853014022,111,5
-0.922861094869974,42.4,0,0,6.6,0,-0.019051630550872,0.258897790309265,0.046981373106511,0.010665304445954,0.036174825029963,0.750098251132472,112,5
-0.02706877434427,43.9473684210526,0,0,4.78947368421053,0,-0.131234243616033,0.247060849755041,-0.017275093556531,0.131926037949602,0.122747366297158,-0.158701134985246,112,5
0.818952572371193,45.7777777777778,0,0,3.88888888888889,0,0.317062207145424,0.197139442683798,-0.159961228105184,-0.137799586093989,-0.153803622262097,0.142148532145043,112,5
1.64063552201839,48,0,0,3,0,0.521370236098977,0.433892158285611,0.325621882782663,0.411106044190321,0.338532246829933,0.394353413286771,112,5
-0.955644895433302,41.55,0,0,3.75,0,0.04389193358337,0.488082728936613,0.448999453287211,0.125837700696709,0.206568176676148,0.345567287629806,113,5
-0.222461503822583,42.625,0,0,6.125,0,-0.03278075734909,0.520233915086836,0.603958452242708,0.171259984581609,0.395306712305177,0.71036985813201,113,5
0.806180831136646,44.8,0,0,4.4,0,-0.436692583726933,0.235559837993512,-0.017083512826139,0.170212460584899,-0.24728218141643,0.16437186346073,113,5
1.57194565417141,46,0,0,4,0,-0.084101265994119,0.388456218918056,0.402220914882797,0.355104458431281,0.362356029609188,0.693123398335145,113,5
-1.10433102122052,39.3181818181818,0,0,4.40909090909091,0,-0.359239651629294,0.019880325974564,0.016795875638353,0.011157875693993,-0.060070450251138,-0.288992728182121,114,5
-0.222573931122183,39.8888888888889,0,0,3.66666666666667,0,-0.364544995537615,-0.150985653483476,-0.048128677743017,0.048088092222154,-0.053983120563875,-0.227011101041268,114,5
0.838559893421414,43.6,0,0,4,0,-0.168308538414947,0.300491021577857,0.268469708286582,-0.013555666360126,0.186577519794963,0.517600106860675,114,5
1.37659197838664,44.0555555555556,0,0,4.88888888888889,0,-0.234993287755951,0.02471947232226,0.27382679180011,0.396873412734864,0.386195049270239,0.614032055320938,114,5
-0.933564173791884,45.2777777777778,0,0,4.66666666666667,0,-0.116514205092142,0.077931914100376,0.127142617092748,0.1170881634477,0.255670309199026,0.524013705474323,115,5
-0.175714232648949,45.56,0,0,4.8,0,0.169098790141343,0.026524399148803,-0.024382386090733,-0.069486112451656,0.014076844173316,0.091501412573047,115,5
0.596121664564212,46.975,0,0,3.875,0,0.341098158061627,0.437234108254249,0.418773984343608,0.289985070025246,0.752300523902776,1.26881591659698,115,5
1.31453210900751,47.6,0,0,3.6,0,1.38412153111554,0.636155468550515,0.982639021195873,0.527723275160047,1.27135932625266,2.35787840817794,115,5
-1.75437584863579,47,0,0,3.5,0,0.125979065947725,0.181842872850444,0.334000928320414,-0.120227849171859,0.793564451773571,0.541040035402477,116,6
-0.655696516363507,47,0,0,3.33333333333333,0,0.147952844896128,0.723812035899169,0.14589796961721,0.24266329711579,0.933009265761244,1.2959972914511,116,6
0.230804003062545,47,0,0,2.28571428571429,0,0.290981185899743,0.436055749305636,-0.132099716644185,0.018786863395029,0.34930646858602,0.205141627099296,116,6
1.00758191721537,47,0,0,1.75,0,0.185911143966127,0.536108849387714,-0.15221984966681,-0.180141419113909,-0.219003379603227,-0.125532436919,116,6
-1.54684753031769,47,0,0,2.2,0,0.042728528349625,0.488858838146768,0.257259166035216,0.155070643491154,0.191657234898549,0.709069839392399,119,6
-1.04226887401487,47,0,0,3.28571428571429,0,-0.000743650154525,0.358758898235055,0.213596797914333,0.368892725198526,0.213496670453554,0.705975812175666,119,6
-0.57092187652768,47,0,0,1.66666666666667,0,0.337591025487058,0.56013492411614,0.534375292492655,0.477762479220514,0.264397809996601,1.12946993110448,119,6
0.056410458257418,47,0,0,1,0,-0.184359982600825,0.25874173030327,0.246963847791422,0.027174069808735,-0.126953947064855,-0.354989662568787,119,6
2.28174475394781,47,0,0,2.25,0,0.360222551157603,-0.128099520429119,-0.010477961929492,-0.139457325246449,-0.157524307278982,0.191861063961531,121,6
2.38601756094588,47,0,0,4,0,-0.136688255125478,-0.684649212737318,-0.208285723996155,-0.199921031948358,-0.408306153910222,-0.677023403953833,121,6
2.54539388383723,47,0,0,2.66666666666667,0,0.261984879777423,-0.018607606696339,-0.012506060717521,-0.046355205045028,0.025192645940425,0.462339236382614,121,6
2.68611978596469,47,0,0,2.5,0,0.409343522657951,0.540400689865695,0.46043624994127,0.122911976929575,0.284293767312089,1.38368921654716,121,6
-0.157221634128859,47,0,0,3,0,0.65193845506819,-0.376904465563225,-0.178305012677358,-0.19110586447125,0.213055854143507,0.029607718159683,122,6
0.310734377764894,47,0,0,3.5,0,0.548555786999195,-0.306680138008665,0.290977195580162,0.334457381461676,0.846582840290911,1.29345570095865,122,6
0.734607576944016,47,0,0,2.77777777777778,0,0.51029456114499,-0.320766746298824,0.327276471408801,0.304126843488481,0.665943894007625,1.19877901243554,122,6
1.00249543882522,47,0,0,1.25,0,-0.095705363183533,-1.02431594842599,-0.806150555398125,0.33183749432095,0.523450204288512,0.254036542223942,122,6
0.491813008454215,47,0,0,3.2,0,0.16250493415472,-0.351777256333292,-0.314962629984089,0.0972400289073,0.069125475905164,0.449823178251708,123,6
0.80412278160939,47,0,0,2.5,0,0.281993907617714,0.335276411799413,0.328479922647029,0.513685300037244,0.551156288421304,1.06911338790931,123,6
1.05336022272672,47,0,0,2.4,0,0.272702171374781,0.182275371968929,0.272272289556158,0.181417567044362,0.538450389754198,0.988162352177557,123,6
1.43230286279285,47,0,0,1.75,0,0.054756030417516,-0.270481905189404,-0.446351717814247,0.184905561760894,0.502321969891523,0.331576579770835,123,6
-1.73402993507519,47,0,0,2.5,0,-0.239341367621938,0.572756341357273,0.202463874239117,0.681279392958641,0.507968294086631,0.298232022318563,126,6
-1.21775237847502,47,0,0,2.25,0,0.207915247180452,0.482641684044057,0.342410465821373,0.460888517317497,0.612388270187917,0.758120336401798,126,6
-0.805747628872915,47,0,0,2.5,0,0.441478088087069,0.651502676237575,0.532184262463314,0.548164312567091,0.824361859060437,0.986375237783378,126,6
-0.269124158712146,47,0,0,2.75,0,0.319374032561288,0.747243129232554,0.70403713421954,0.84570078228984,0.798456015867284,1.05037631855359,126,6
-0.51327512143932,47,0,0,3,0,-0.134962202506341,-0.230520958445073,-0.020993349914151,0.094674497060434,0.257105107163453,-0.916402732332749,129,6
0.090320314191751,47,0,0,3.33333333333333,0,-0.209682523144559,0.152560572637532,0.099940137331046,0.279667828270253,0.051363303772166,0.053708248277512,129,6
0.62609603795416,47,0,0,2.5,0,0.158844828882304,-0.233888587091259,-0.146179187615092,-0.056467819230998,-0.400004767625165,-0.296508231192931,129,6
0.977063046874474,47,0,0,2.125,0,0.066755231338355,-0.328731076615198,-0.361539727575955,-0.136597839376512,-0.315357397196415,-0.508447221618994,129,6
-1.30167927191249,47,0,0,1.5,0,0.877451286097416,0.115580718099334,0.301113402743797,-0.173939776923528,0.090052588760679,1.13089606513279,131,6
-0.691867029360123,47,0,0,3,0,0.208433816566687,0.181114483026003,0.351249838124559,0.25698786163756,0.307506557452129,0.542195455977585,131,6
-0.177567547689455,47,0,0,2.33333333333333,0,0.823577058022049,-0.192166712622727,0.217685445919162,0.032894418579221,0.096064588722467,0.647374299302398,131,6
0.107275242158914,47,0,0,1.5,0,1.38318365230327,-0.305228212319789,0.11681050457114,-0.133499793987913,-0.019019736006118,0.96585428628164,131,6
-2.26098909629468,47,0,0,2.8,0,-0.234997470603823,-0.0415196349152,0.356176667449589,0.069403158502181,0.031921075655375,0.171733517138478,133,6
-1.25081448801099,47,0,0,2.75,0,-0.066094915494997,0.234246392377864,0.378212316850423,0.40562536223575,0.476195466763181,0.453816332975106,133,6
-0.686215386704403,47,0,0,2.33333333333333,0,0.092278699746367,0.357760196375116,0.315224173125193,0.296798059533813,0.446561631582624,0.891243680317714,133,6
0.066583415037719,47,0,0,1,0,0.412347975655722,-0.084547458308714,-0.02468346557151,-0.015734703736214,0.109239418402621,-1.0010095771634,133,6
-2.07482398721521,47,0,0,3.5,0,0.025774985064929,0.091307077979537,0.345995872545775,0.100057191834801,0.480095965308671,0.451352958434514,135,6
-1.34237109903368,47,0,0,3,0,0.410440250030721,0.276975093262366,0.875866663277041,0.5202340484486,0.593588782521126,0.881575773968562,135,6
-0.716734257045298,47,0,0,2.66666666666667,0,0.444621185050708,0.181493771892733,0.39602152273912,0.192954206266317,0.167285109507786,0.389554166546796,135,6
0.012327645542792,47,0,0,1.83333333333333,0,0.280053393159462,0.243111484884073,0.207065137319517,0.071562822180512,0.221778238821548,0.758388918989787,135,6
-0.47936526550499,47,0,0,2.66666666666667,0,0.37221926372316,-0.174232982768454,-0.158848609412548,0.019950954834667,-0.179727789120171,0.379717218955731,136,6
-0.130771946500081,47,0,0,2.8,0,0.060629615272195,0.153255732192075,-0.008340810443609,0.387899573226902,0.250523066697891,0.276663975460216,136,6
0.393813524804003,47,0,0,2.16666666666667,0,0.235008999701028,-0.209793688345416,-0.105200696782065,0.208054562033372,-0.244945413144674,0.282846779137964,136,6
0.722739127367001,47,0,0,2.5,0,0.728309008067092,-0.049276684281923,-0.321887019128489,-0.103583279075812,-0.253654134148333,0.903829916207687,136,6
-1.38814940454503,47,0,0,3.66666666666667,0,0.376758210352435,-0.695427113195111,-0.369367496640145,0.075430941593041,-0.322591884866157,1.11342765530397,138,6
-0.582451227545353,47,0,0,2.4,0,-0.116022372009958,-0.617795983577112,-0.036408537873159,0.113007323939288,-0.282313794184022,0.092994400412183,138,6
0.610836602783711,47,0,0,3,0,-0.122229834145364,-0.325707915955487,-0.030152191832203,0.052252960160805,-0.013961815105351,0.74133225881791,138,6
1.19069513926075,47,0,0,1.25,0,0.486399308749619,-0.188818214704695,0.236021833893942,0.044374106822318,0.345135963931447,1.86691860744307,138,6
-1.53311403866429,47,0,0,3.25,0,0.204775298606274,-0.144964189045771,0.600016367420269,0.183950703424224,0.240465503998056,0.359152083572048,139,6
-1.23725054563726,47,0,0,2.16666666666667,0,0.206265760395365,0.04204407906326,0.426351379654391,0.133021464938531,0.156321885839668,0.449994127220441,139,6
-1.00157704689367,47,0,0,2,0,0.800288132855677,0.057695924687069,0.516688545234597,0.399954648537918,0.607412690430324,1.36900836289177,139,6
-0.631281420090788,47,0,0,2.4,0,0.479836512643934,-0.197751194169536,0.247109870650163,-0.136033906974816,0.083359208668297,0.450244208048668,139,6
-0.828636781628586,47,0,0,2.5,0,0.155107058414091,-0.207856649908272,-0.325467440264188,0.116775636997335,0.189471430751721,0.000738838340411,141,6
-0.360680769734836,47,0,0,2.5,0,-0.067819376715295,-0.472757029475839,-0.657368976561296,-0.091208021277026,-0.454849379447213,-0.335249044295092,141,6
0.39098770347614,47,0,0,3,0,0.391931497928338,0.086264334001325,-0.337894309826439,0.226021377939645,-0.024441015420473,0.550314663522888,141,6
0.948239669330295,47,0,0,1,0,0.037813619913494,-0.216837261779683,-0.130202142442148,-0.063870213611409,-0.343947708605886,-0.48007944887457,141,6
0.217482273945487,47,0,0,3,0,-0.167806426141288,0.320659330391853,0.328890470164223,-0.06873517552028,0.312766824168927,0.419231845892821,144,6
0.63118251634431,47,0,0,2.16666666666667,0,-0.00331081590221,0.108340799679774,0.255181070962066,0.153408618526769,0.289140030674275,-0.127713507086456,144,6
1.02284135238582,47,0,0,3,0,-0.613954224371433,-0.456317258704671,-0.602394126306055,-0.920393014581451,-0.604082736371788,-0.871710161291838,144,6
1.30090217104732,47,0,0,2,0,-0.205994075747134,0.080215139152677,0.28903193709727,-0.06648293045822,0.37685658181624,-0.032675055601834,144,6
-0.851243352251474,47,0,0,2.66666666666667,0,0.391665364803166,0.460538607854012,0.333135015341853,0.057428383811568,0.046496723654893,-0.106114859568114,145,6
-0.2131728964205,47,0,0,2,0,0.316882783679932,0.318736521878012,0.013841734526184,0.103909458610696,-0.181997611858838,0.043889088989082,145,6
0.506055147946633,47,0,0,2.6,0,-0.099435097242465,-0.05784709473363,-0.095708426610064,-0.062038646347247,-0.261318128364364,-0.123993592676455,145,6
1.19917260324433,47,0,0,2.5,0,-0.047384799389833,-0.058327364410477,-0.204506809773315,-0.245411159709553,-0.455664509273536,-0.168688023404984,145,6
-1.51224873968959,48.65,-0.2,-0.05,9.5,0,1.12928983248194,0.390266528611788,0.543208314980185,0.488686196318446,0.41273635523128,0.393717568712081,147,7
-1.24243604081765,48.8717948717949,-0.08974358974359,-0.012820512820513,8.1025641025641,0,0.711225824939429,0.409831664990524,0.572497499511205,0.663344985848334,0.612562569192114,0.743673469827777,147,7
-0.83013172887179,49,0.055555555555556,-0.055555555555556,8.88888888888889,0,1.09524693255884,0.592550531013799,0.616047634184224,0.650849003002289,0.796005421399351,0.794603872616826,147,7
-0.388655467228441,49.5833333333333,0.333333333333333,0,7.25,0,1.09196937304721,0.593265722237934,0.605162966710566,0.594734091869369,0.629868915450539,0.703855689800013,147,7
-1.24323771271773,48,-0.5,0.1,9.2,0,0.043767052077175,0.097832804198402,-0.009555072493186,0.296410748035467,0.213701008261925,0.289413344040028,148,7
-0.139185192821125,48.3,-0.35,-0.05,9.45,0,0.33540089717561,0.088274898094324,0.160677318252685,0.332928313971734,0.202222074458124,0.079120077939508,148,7
0.981861860366461,49.0909090909091,0.022727272727273,0.045454545454546,7.63636363636364,0,0.22829241222465,0.123435987291518,0.198306691284073,0.358103912003972,0.362315142643615,0.175141708381641,148,7
2.12842002253455,49.5652173913044,0.326086956521739,0.021739130434783,9.73913043478261,0,0.428160769483105,0.243925200613776,0.643626283717719,0.552391584204008,0.708160576769422,0.666874287575731,148,7
-1.32715438900879,48.7916666666667,-0.041666666666667,-0.125,10.75,0,-0.003012633192873,0.129649946450047,0.206722872213186,0.347370439477828,0.493964127740134,0.491558972392243,149,7
-0.668429416644578,49.0714285714286,0,-0.142857142857143,7.78571428571429,0,0.037133614373896,0.237096708050334,0.211593801724377,0.387891138305392,0.550314190873268,0.30225576606923,149,7
0.260531756860222,49.2777777777778,0.111111111111111,0.277777777777778,9.11111111111111,0,0.237619444055618,0.179921456714269,0.156140229845961,0.37221584224801,0.438826224475468,0.638653991739271,149,7
1.26796611129882,48.8333333333333,0,0.5,4,0,0.441474239394628,0.559966221689708,0.756956631876483,0.601230981293849,1.10517527980628,1.10234748167777,149,7
-0.996589991458627,48.1666666666667,-0.333333333333333,-0.5,8.16666666666667,0,0.359209566625026,0.07574412329631,0.2917494347772,0.438259616337661,0.240676836988223,0.12669124510013,151,7
-0.018195366525672,49.09375,0.03125,-0.40625,8.25,0,0.216237370667471,0.118098042193827,0.160620404963158,0.354257042351099,0.286495033251837,0.550521429306664,151,7
1.24241281948365,49,0.064102564102564,0.320512820512821,8.28205128205128,0,0.290703368464876,0.061053500251376,0.244368136329897,0.441463509309651,0.491746229341524,0.30998255196221,151,7
2.21098835543207,49.5555555555556,0.277777777777778,0.5,5.77777777777778,0,0.281753421031719,0.100290613713117,0.224309675427676,0.389828552666773,0.381529409402652,0.520344285212152,151,7
-1.45233410418085,48.7936507936508,-0.150793650793651,-0.007936507936508,8.34920634920635,0,0.210744823098962,0.239409703530815,0.25515107948238,0.40743948896671,0.362909552108797,0.256835208797712,153,7
-0.391260900903713,49.2,0.4,-0.1,5.3,0,0.13281685120606,-0.074579744133379,-0.068231313688683,0.544854867961575,0.287193997859889,0.308411978433641,153,7
0.803831484146155,49.4615384615385,0.269230769230769,-0.038461538461539,10.7692307692308,0,0.084920623103294,0.126716671303231,0.307230155302754,0.56247567968993,0.558299573386241,0.728697017116413,153,7
1.61318607327239,49.8333333333333,0.333333333333333,0,10.3333333333333,0,0.184243530104589,0.042224362859271,0.398758398836389,0.634157496953641,0.692368538916926,0.747690008579328,153,7
-0.682267800634119,48.9230769230769,-0.038461538461539,-0.5,9.92307692307692,0,0.098312433173453,0.064979594379514,0.262885958453957,0.303165817698101,0.276009539272357,0.174163884802449,157,7
-0.204301296569028,49.030303030303,0.045454545454546,-0.409090909090909,7.81818181818182,0,1.05071675462347,0.109335169366008,0.204262820599848,0.251530670340785,0.433831382918543,0.269292070499079,157,7
0.868749480402938,48.8260869565217,-0.108695652173913,0.41304347826087,7.56521739130435,0,1.20408500595159,0.174156829769607,0.300683812466383,0.289155694574332,0.45830925850023,0.382702477243817,157,7
1.55704518098378,48.9285714285714,0,0.5,9.57142857142857,0,0.160360147362609,0.148492398312878,0.313474321680181,0.313727937589775,0.54647142490528,0.396049989073925,157,7
-0.965759026301239,48.7,-0.1,-0.4,11,0,0.006692893068414,0.313710664829744,0.112332034785403,0.177801010494337,0.177012737985209,0.144818744321211,159,7
-0.272595239875406,48.8787878787879,-0.075757575757576,-0.409090909090909,7.51515151515152,0,0.231513639248046,0.423208016560675,0.339634935775558,0.347666670864283,0.330451194362831,0.402203878103651,159,7
0.758549547914861,49.0625,0.03125,0.28125,8.3125,0,0.176221557672888,0.391025797231329,0.240008405617887,0.375800420668726,0.414484965220844,0.408719834989044,159,7
1.37609160882261,49.2,0.1,0.5,8.8,0,0.304449903751138,0.468058477682968,0.369414109025754,0.458755975456169,0.557530129031117,0.47501893558717,159,7
-0.673081976778993,48.5,-0.166666666666667,-0.166666666666667,9,0,0.177737162050687,0.261789967019006,0.332963033915518,0.531441692259509,0.56759062834508,0.78504442319722,160,7
0.034866091900916,48.8723404255319,-0.053191489361702,-0.159574468085106,8.31914893617021,0,0.03866209045545,0.128068231917943,0.134160794872982,0.329592264693213,0.31479566230003,0.241512174933007,160,7
1.1966942843122,49.304347826087,0.152173913043478,0.195652173913043,7.82608695652174,0,-0.124406238544939,-0.176698901693314,-0.048248142124778,0.276279583260182,0.366645160568298,0.077924040194105,160,7
2.01426495419308,49,0.045454545454546,0.409090909090909,7.54545454545455,0,-0.040317928530444,-0.381693613276893,-0.307936574387591,0.291509595005002,0.243944180095699,-0.182083028886356,160,7
-1.2677647262815,48.8275862068966,-0.120689655172414,-0.258620689655172,9.89655172413793,0,0.181178740779558,0.19353579545449,0.184330346691579,0.337864284920835,0.468981584370689,0.205493619366701,161,7
-0.593932059825647,48.9393939393939,-0.015151515151515,-0.075757575757576,8.81818181818182,0,0.316052583110432,0.180396611311613,0.260980349061496,0.404106441389743,0.46613149607637,0.345507459513927,161,7
0.152902532417429,49.0476190476191,0.071428571428571,0.30952380952381,6.95238095238095,0,0.198329090781683,0.310132543968027,0.296100706422608,0.407850980402002,0.430181055786055,0.300007788524648,161,7
0.770762518267699,49.75,0.5,0.25,8.25,0,-0.033187774587962,0.67657365377468,0.700314223541059,0.636500672924468,0.744058500789372,0.458099706612949,161,7
-1.46804941841265,48.2857142857143,-0.5,-0.071428571428571,11.5714285714286,0,-0.20793211290669,0.049513418841781,0.021136987839937,0.139994698433321,0.288691557982814,-0.207576471653663,162,7
-0.950994902141363,48.8,-0.133333333333333,-0.2,9.9,0,-0.694137288115507,0.106035511215764,0.001588357444794,0.183034590830494,0.201440819357139,-0.525677230644773,162,7
-0.290486448392292,49.1785714285714,0.071428571428571,0,6.5,0,-0.834135828811762,0.140816975728455,0.129491877781103,0.28674551445506,0.352808872132497,-0.208800581520836,162,7
0.382842393282724,49.2222222222222,0.166666666666667,0.222222222222222,7.44444444444444,0,-0.623362473283455,0.135148679864506,0.136619879779065,0.256842583390423,0.221239649333277,-0.31619242498992,162,7
-0.856330811939805,48.5,-0.2,-0.5,6.8,0,0.412596778001913,0.535487131103722,0.366401957538177,0.933746540106749,1.21531764004627,0.694641038846286,163,7
-0.134428302550363,49.0606060606061,0.015151515151515,-0.439393939393939,8.6969696969697,0,0.507951188882399,0.530504696300435,0.344338555816863,0.810414328749309,0.938453622196942,0.509567724403371,163,7
0.892209346034421,48.9677419354839,0.016129032258065,0.338709677419355,8.83870967741935,0,0.416205893463203,0.484534484411757,0.468110938633997,0.889896523593363,1.05698137133887,0.455204768283181,163,7
1.56610542966659,49.2105263157895,0.078947368421053,0.447368421052632,8.31578947368421,0,0.475886801857371,0.594666484476642,0.584084470353424,0.913300771232023,1.11591221902821,0.801698240598395,163,7
-1.40291357653084,48.5714285714286,-0.214285714285714,-0.214285714285714,5.85714285714286,0,0.239184931473221,0.12919211802446,0.221305615202114,0.450878265249553,0.362026354264669,0.222067290840573,164,7
-0.751716985891375,48.9130434782609,0.021739130434783,-0.065217391304348,9.60869565217391,0,0.069510526132194,0.197480880989958,0.159503243068432,0.4377417289184,0.333158207665615,0.382591147122051,164,7
0.125029467612163,48.9318181818182,-0.045454545454546,-0.022727272727273,7.77272727272727,0,0.445936175699456,0.462061002209117,0.427433365488177,0.825782632177731,0.738218756753146,0.932990328717079,164,7
0.885835838925556,49.4444444444444,0.222222222222222,0.277777777777778,9.05555555555556,0,0.526867675473937,0.39908376165925,0.48958515914803,0.900275431829632,0.805482449358059,1.09192793995004,164,7
-1.0582519217734,48.6,-0.2,0,8.25,0,0.363632716615339,0.452081844730285,0.333609271208883,0.527870597932064,0.623181922923407,0.825763229173052,166,7
-0.241525094977774,48.8823529411765,-0.088235294117647,-0.323529411764706,10.7647058823529,0,0.388266443149737,0.406487375668914,0.432012073078102,0.526033510343976,0.597392433380698,0.792779543394663,166,7
0.783121626727324,49,-0.064102564102564,0.115384615384615,7.28205128205128,0,0.436997360797297,0.45827462073851,0.52314796264013,0.580277043821734,0.752438193865838,0.9502969782208,166,7
1.48818729099445,49.5,0.428571428571429,0,8.07142857142857,0,0.627535152075171,0.490615079068387,0.604947797633203,0.709131746571007,0.880297136560577,1.06360851081304,166,7
-0.042504993227989,48.4285714285714,-0.214285714285714,0.071428571428571,8.85714285714286,0,-0.010319847344024,-0.358806768282919,-0.19281489999925,0.381090925493419,0.67719632353912,-0.055120035237728,167,7
0.547929374987838,48.6315789473684,-0.184210526315789,-0.026315789473684,9.89473684210526,0,-0.004713440287095,-0.399065621938511,-0.04813569655755,0.619722469746364,0.80255811018468,0.180642049373653,167,7
1.30635678174127,49.1136363636364,0.022727272727273,-0.022727272727273,8.63636363636364,0,0.163556523979327,-0.208651047020165,0.046105508072752,0.492700096354713,0.802063723550431,0.344137322504911,167,7
1.74780014649478,49.3333333333333,0.214285714285714,0.166666666666667,6.23809523809524,0,0.284666409492597,-0.141403285383043,0.092611720288566,0.71649383685398,1.07972127547542,0.620543638840592,167,7
-1.26482559174142,48.8857142857143,-0.1,-0.071428571428571,8.91428571428571,0,-0.08026124879335,0.270307367146349,0.159048858460302,0.235960330676068,0.177005392080685,0.118474502318792,168,7
-0.697585460153577,49.1428571428571,0.107142857142857,0,7.85714285714286,0,-0.098042225138289,0.323822975530023,0.254473352901516,0.377920353739276,0.322592279573528,0.021104728024251,168,7
0.159416116605609,48.9285714285714,-0.071428571428571,0.214285714285714,7.64285714285714,0,-0.221252628505659,0.396849111661685,0.233250267740729,0.338955239931295,0.295199836472097,0.141596110417204,168,7
0.831555970690718,49.1666666666667,0.166666666666667,0.166666666666667,9,0,-0.037381901637349,0.208165050118873,0.324788187216675,0.340489977244084,0.322118718158379,0.021954124643032,168,7
-1.23107902223313,48.5555555555556,-0.277777777777778,0.055555555555556,10.4444444444444,0,0.164267879568623,0.175321873140934,0.163043620659841,0.208354469813611,0.244952022731592,0.219181550232608,170,7
-0.618584989071215,49,0.025,0.05,8.4,0,0.304540328877353,0.175868344672578,0.07875862135472,0.319942073995122,0.171642291308275,0.160097661477546,170,7
0.220068582357888,48.9545454545455,-0.090909090909091,-0.090909090909091,7.54545454545455,0,0.029480982318017,0.19593085254247,-0.062640348323023,0.358176830933313,0.297151955951927,0.55688641450403,170,7
0.8448116858807,49.2105263157895,0.131578947368421,0.026315789473684,7.94736842105263,0,0.052274019849116,0.173731045520094,0.099668814249071,0.342932709707232,0.306637358160329,0.467506649350715,170,7
