region,fRSN,cRSN,painPathways,neurosynth,fullBrain,task,Thermal_Pain1_V1,Thermal_Pain2_V2,Visceral_Pain1,Visceral_Pain2,Mechanical_Pain1,Mechanical_Pain2,Cog_WM1,Cog_WM2,Cog_Inhib1,Cog_Inhib2,Cog_RespSel1,Cog_RespSel2,Emotion_AversiveImg1,Emotion_AversiveImg2,Emotion_Rejection1,Emotion_Vicarious_Pain2,Emotion_AversiveSnd1_V4,Emotion_Aversive_Snd2
-0.0281394568758499,0.956727464567935,0.21797379227581,0.850275424307437,1.89788573387966,1.98100583009315,1,1,0,0,0,0,0,0,0,0,0,0,0,0,0,0,0,0,0
0.824818467802116,1.63862644355298,2.93290274406468,1.08061993694855,3.59180050606282,3.99528689040285,1,1,0,0,0,0,0,0,0,0,0,0,0,0,0,0,0,0,0
2.1139719077193,0.885987517563715,0.541083305621496,1.09269892587851,2.4975774282008,3.75715483645103,1,1,0,0,0,0,0,0,0,0,0,0,0,0,0,0,0,0,0
2.17707211400864,1.23556277312681,1.77224990007203,0.931918310575258,1.69719854262051,2.00577822901941,1,1,0,0,0,0,0,0,0,0,0,0,0,0,0,0,0,0,0
2.72367830561196,1.78782192457456,1.09917819237652,1.1540992128916,1.84797045102317,2.28701318364061,1,1,0,0,0,0,0,0,0,0,0,0,0,0,0,0,0,0,0
1.61113683274577,1.23215450634035,1.61248420849759,0.681536965546323,2.5838433266743,3.38404932049761,1,1,0,0,0,0,0,0,0,0,0,0,0,0,0,0,0,0,0
0.548252601359883,1.05864433722435,1.67622738644228,0.750437995663881,2.002349840472,1.00687588970835,1,1,0,0,0,0,0,0,0,0,0,0,0,0,0,0,0,0,0
-1.21920311864491,0.643954332225191,1.70577840376737,0.461312709374738,2.47080482908684,1.3377782356043,1,1,0,0,0,0,0,0,0,0,0,0,0,0,0,0,0,0,0
2.1653307538572,2.10245056720425,1.6270588279621,0.953112617971649,2.80782183046327,1.70701209949855,1,1,0,0,0,0,0,0,0,0,0,0,0,0,0,0,0,0,0
0.0505589824493645,0.380612900401544,0.984402032667088,0.498352055041962,0.945101868702932,0.672469880177831,1,1,0,0,0,0,0,0,0,0,0,0,0,0,0,0,0,0,0
-0.0162099970664245,0.869353287445051,1.23381070560545,0.284573154329439,1.27018596839365,0.803372907190615,1,1,0,0,0,0,0,0,0,0,0,0,0,0,0,0,0,0,0
1.61079266721082,0.704452243859321,1.32453206954655,0.41855654324704,2.30733641355153,1.79015959371104,1,1,0,0,0,0,0,0,0,0,0,0,0,0,0,0,0,0,0
1.41912955393119,0.760608253907603,0.38147319331389,0.471375325962228,-0.147069320341953,0.620280915589875,1,1,0,0,0,0,0,0,0,0,0,0,0,0,0,0,0,0,0
1.62394745849576,0.941408009103664,1.4488086536215,0.686997324474446,2.30653321724542,1.07726174017094,1,1,0,0,0,0,0,0,0,0,0,0,0,0,0,0,0,0,0
2.19778018568261,2.24393370176648,1.60367543599609,1.54319537295022,4.75804509568154,3.55659633760005,1,1,0,0,0,0,0,0,0,0,0,0,0,0,0,0,0,0,0
1.73027160281708,1.13811068811504,-0.536157250882214,0.98723216220795,2.52105530493291,0.832034602059983,2,0,1,0,0,0,0,0,0,0,0,0,0,0,0,0,0,0,0
0.506621740571317,1.89994839736758,1.48790532174219,0.636583232210986,2.99633485998008,2.75811560805159,2,0,1,0,0,0,0,0,0,0,0,0,0,0,0,0,0,0,0
0.871289152850612,1.30152214877505,1.05272420967791,0.807820414067664,1.773442944227,3.34082769571844,2,0,1,0,0,0,0,0,0,0,0,0,0,0,0,0,0,0,0
3.1131571071804,1.19565196363315,1.00443333336936,0.793744663349163,2.33098097024997,2.15499963952344,2,0,1,0,0,0,0,0,0,0,0,0,0,0,0,0,0,0,0
2.35794931583034,1.51369069133041,0.731412027158995,0.227200763021291,1.88296350136611,1.10721003145467,2,0,1,0,0,0,0,0,0,0,0,0,0,0,0,0,0,0,0
3.40275937607166,2.01636254664613,0.352497477044339,1.44803829898599,3.58878227479706,2.81870541374012,2,0,1,0,0,0,0,0,0,0,0,0,0,0,0,0,0,0,0
1.38462064862665,1.76391530447842,1.2172597979931,0.933166157279612,3.24594291672771,4.33785730723798,2,0,1,0,0,0,0,0,0,0,0,0,0,0,0,0,0,0,0
1.36137580856049,0.998436704070688,0.79157801675016,0.915605738679972,3.41254113599127,1.91346810537607,2,0,1,0,0,0,0,0,0,0,0,0,0,0,0,0,0,0,0
1.4777933309597,0.427866115156934,0.117215572258514,0.647759292329704,3.16925604688032,3.76628774056018,2,0,1,0,0,0,0,0,0,0,0,0,0,0,0,0,0,0,0
1.56265856167211,1.99418493891372,0.903133419794263,1.34350472720418,4.93121454598509,4.9108376617691,2,0,1,0,0,0,0,0,0,0,0,0,0,0,0,0,0,0,0
3.00901009406212,0.911298562372168,0.0670668129586368,0.968157765658033,1.83302878044026,1.09543988072716,2,0,1,0,0,0,0,0,0,0,0,0,0,0,0,0,0,0,0
1.07989631030206,1.47765666880677,2.48530190109494,1.36565696416635,2.78362000789031,3.90717451876113,2,0,1,0,0,0,0,0,0,0,0,0,0,0,0,0,0,0,0
0.582567275371587,0.960372910129134,0.987963158164021,0.388671412547965,0.0794118396204448,-0.0926496737806403,2,0,1,0,0,0,0,0,0,0,0,0,0,0,0,0,0,0,0
2.32367445466844,3.02160489110803,0.816625360066851,1.32221493447155,3.87282253424472,4.21726271156306,2,0,1,0,0,0,0,0,0,0,0,0,0,0,0,0,0,0,0
1.23297600034424,1.46335352672462,0.856223448962829,0.962518072313661,2.6809273370493,2.76105464583051,2,0,1,0,0,0,0,0,0,0,0,0,0,0,0,0,0,0,0
0.803671789035364,1.10697631235336,0.766166914822445,1.13359244573943,1.83384810869967,0.621713146184794,3,0,0,1,0,0,0,0,0,0,0,0,0,0,0,0,0,0,0
1.00936379656256,0.858934391675572,0.956201671838576,0.528593892874224,-0.175507053519977,1.11855578961336,3,0,0,1,0,0,0,0,0,0,0,0,0,0,0,0,0,0,0
-1.22930798675752,0.1715825643186,0.301865823093341,0.475912835062562,0.469196348890777,1.02364409411848,3,0,0,1,0,0,0,0,0,0,0,0,0,0,0,0,0,0,0
0.811153496431482,0.811323426321492,0.383787703380053,0.847870252232404,-0.264804361583914,1.49840192578196,3,0,0,1,0,0,0,0,0,0,0,0,0,0,0,0,0,0,0
1.83752926556079,0.910608993150037,0.0943899773007982,0.505696468361863,1.1700400852495,1.88907814677552,3,0,0,1,0,0,0,0,0,0,0,0,0,0,0,0,0,0,0
-0.507622745871517,0.302980704440814,0.743487369811192,-0.353366163353732,0.173227500746645,1.57258789543139,3,0,0,1,0,0,0,0,0,0,0,0,0,0,0,0,0,0,0
0.672579378091298,0.552658259429164,0.324738173533131,0.180292004214646,0.071516684538087,2.44561467793513,3,0,0,1,0,0,0,0,0,0,0,0,0,0,0,0,0,0,0
-0.515021889120379,0.400182819824796,0.562507145709665,-0.31421262799343,1.2071213201576,2.43037959495882,3,0,0,1,0,0,0,0,0,0,0,0,0,0,0,0,0,0,0
0.801571197537146,0.726528176106973,0.996301601913615,0.410113966645065,2.14960862276501,2.39518819374682,3,0,0,1,0,0,0,0,0,0,0,0,0,0,0,0,0,0,0
0.919707577327775,-0.676150204346212,0.958611166585306,-0.276823714398682,1.71123867986363,-0.414255327371031,3,0,0,1,0,0,0,0,0,0,0,0,0,0,0,0,0,0,0
1.79934316151819,0.899323541039306,1.66835566584699,0.619062336496198,1.0556173154354,2.60891946514512,3,0,0,1,0,0,0,0,0,0,0,0,0,0,0,0,0,0,0
1.09258836406459,0.785985676746427,0.727072746510846,0.673024485356659,-0.332855061530828,0.1376423392757,3,0,0,1,0,0,0,0,0,0,0,0,0,0,0,0,0,0,0
0.194358877121971,0.819054267396357,0.103911519024946,0.451018705359274,0.801118985982226,2.14442851300853,3,0,0,1,0,0,0,0,0,0,0,0,0,0,0,0,0,0,0
-3.80352118823583,-0.350478500073276,1.02458216778337,-0.418434182163704,-0.404672906315751,1.44703120819832,3,0,0,1,0,0,0,0,0,0,0,0,0,0,0,0,0,0,0
-0.707093261062953,0.0666254279931693,0.903826374450333,0.0410163967444112,0.224805256960294,-0.359939301909695,3,0,0,1,0,0,0,0,0,0,0,0,0,0,0,0,0,0,0
1.48738798296838,0.724410403429956,0.0430316820985093,0.186836182583038,0.34909823623313,1.11629783871466,4,0,0,0,1,0,0,0,0,0,0,0,0,0,0,0,0,0,0
0.0261219878305939,0.298568016597387,2.73564688756817,-0.037757696201649,1.89163855186972,3.20665442557953,4,0,0,0,1,0,0,0,0,0,0,0,0,0,0,0,0,0,0
0.515501528808992,0.915956346855445,1.38336294090951,0.618156545719428,2.317995583721,5.35807289186834,4,0,0,0,1,0,0,0,0,0,0,0,0,0,0,0,0,0,0
-0.25247934109007,0.216416866452119,0.60049044723519,0.0405188706194205,0.167496036234807,0.132469478746896,4,0,0,0,1,0,0,0,0,0,0,0,0,0,0,0,0,0,0
2.90133880249441,1.28378647656475,1.3894565721228,1.00547837409878,3.34473384945414,1.61585523391865,4,0,0,0,1,0,0,0,0,0,0,0,0,0,0,0,0,0,0
1.5987988287248,0.516529967674557,0.953055000753158,0.407213692648474,0.755871522240002,1.40521559652375,4,0,0,0,1,0,0,0,0,0,0,0,0,0,0,0,0,0,0
-0.148047295587478,2.04003914744527,0.729596074466405,0.899809033037807,1.27110171719098,2.70677808839926,4,0,0,0,1,0,0,0,0,0,0,0,0,0,0,0,0,0,0
0.0808746125515777,0.7760908774743,-1.24696159955678,0.764520443136241,-0.206651920313942,-0.477694348432828,4,0,0,0,1,0,0,0,0,0,0,0,0,0,0,0,0,0,0
1.4007131961879,-0.509215002790801,0.536385067766995,-0.253376211182409,1.14685136544834,2.09617710704589,4,0,0,0,1,0,0,0,0,0,0,0,0,0,0,0,0,0,0
0.999729989704046,-0.28480484133406,1.56206365373382,-0.0677304461480585,0.935863535826444,2.33390177860257,4,0,0,0,1,0,0,0,0,0,0,0,0,0,0,0,0,0,0
1.1894890806519,0.693621012397787,0.424791677864172,0.531379059714518,-0.0781381877643002,1.83655397043288,4,0,0,0,1,0,0,0,0,0,0,0,0,0,0,0,0,0,0
1.97869873947483,1.42518685223928,-0.233536315730676,0.257100763947195,1.81554533653555,0.0223391493772156,4,0,0,0,1,0,0,0,0,0,0,0,0,0,0,0,0,0,0
-0.0210192353717128,0.247833474721334,0.716553041860127,-0.0128094834323984,1.69312441136516,2.08043619985657,4,0,0,0,1,0,0,0,0,0,0,0,0,0,0,0,0,0,0
1.43317025716629,1.19732438387395,0.365629183903039,0.145394364522811,1.53783929662408,1.49409618173854,4,0,0,0,1,0,0,0,0,0,0,0,0,0,0,0,0,0,0
0.566710649059606,0.12468937531609,0.718166255230365,0.0873108584249821,2.80696403315559,3.8505282788091,4,0,0,0,1,0,0,0,0,0,0,0,0,0,0,0,0,0,0
2.54679157307454,1.63745981580887,1.5970585525347,1.47069332594364,1.68807519694531,1.54846051629606,5,0,0,0,0,1,0,0,0,0,0,0,0,0,0,0,0,0,0
0.977244920540755,-0.261087573995187,0.300417803660456,-0.421118307385678,2.3670953556741,4.62966912899039,5,0,0,0,0,1,0,0,0,0,0,0,0,0,0,0,0,0,0
3.52971740134342,1.72617793278276,1.66315960521517,1.24654233963101,1.82486639408687,1.49745653167779,5,0,0,0,0,1,0,0,0,0,0,0,0,0,0,0,0,0,0
-0.522980197873463,1.0009920674979,0.373827471063823,1.05192631260107,2.69288463222819,2.05385625069026,5,0,0,0,0,1,0,0,0,0,0,0,0,0,0,0,0,0,0
0.931992488036091,-0.385693673341852,0.615562451597592,0.814629356304328,-0.435560315864945,-0.214011558617701,5,0,0,0,0,1,0,0,0,0,0,0,0,0,0,0,0,0,0
-0.184305333052104,-0.118641519253633,0.128148513386298,0.0760524251975118,2.26038420772038,1.87236383963703,5,0,0,0,0,1,0,0,0,0,0,0,0,0,0,0,0,0,0
0.817086882557406,1.25841010282798,0.970629838565355,0.414556660608513,1.34444045832556,2.00479638890243,5,0,0,0,0,1,0,0,0,0,0,0,0,0,0,0,0,0,0
0.149022398854208,0.755042106072227,0.0747420668429827,0.0765817080823538,-0.38346961583456,0.0926861946038521,5,0,0,0,0,1,0,0,0,0,0,0,0,0,0,0,0,0,0
0.740027885747512,0.725019503617844,0.376878515648739,0.609408993977763,0.819001719168068,0.498868120748502,5,0,0,0,0,1,0,0,0,0,0,0,0,0,0,0,0,0,0
1.82156046619014,-0.377659838426739,-0.342535493843961,0.0190192755670603,-0.723358454401452,-2.1245676324154,5,0,0,0,0,1,0,0,0,0,0,0,0,0,0,0,0,0,0
-0.561950131045673,0.143331283010525,0.302540311655441,0.46409826689985,1.10459081965674,2.5944389797623,5,0,0,0,0,1,0,0,0,0,0,0,0,0,0,0,0,0,0
1.01884053458068,2.0571447893715,1.28371800705871,0.659442118827037,2.27691134620078,1.10280824398626,5,0,0,0,0,1,0,0,0,0,0,0,0,0,0,0,0,0,0
1.3785347095782,0.806856203652991,0.164979670552511,0.906647750156784,1.56260444764892,-0.403840655432735,5,0,0,0,0,1,0,0,0,0,0,0,0,0,0,0,0,0,0
-1.08651160975358,-1.65543718667117,0.335366637657557,-0.563174424159596,-0.390703056403747,-2.03460230378463,5,0,0,0,0,1,0,0,0,0,0,0,0,0,0,0,0,0,0
0.535051434046316,1.16514959044053,1.74580720317322,-0.221550358628426,2.57488645976784,3.81044446643515,5,0,0,0,0,1,0,0,0,0,0,0,0,0,0,0,0,0,0
-1.0280386014648,0.1034037163088,0.141903913193337,0.582185643932831,0.646995791811656,1.54021676516573,6,0,0,0,0,0,1,0,0,0,0,0,0,0,0,0,0,0,0
1.12278469495699,1.94073600661304,1.27508969921137,0.760162363376954,1.28583377773982,1.81888340447704,6,0,0,0,0,0,1,0,0,0,0,0,0,0,0,0,0,0,0
1.05470538279991,0.74902401144207,1.17937943051407,0.662664248968284,0.58822720167968,1.5401246926674,6,0,0,0,0,0,1,0,0,0,0,0,0,0,0,0,0,0,0
0.152786381933135,1.36018296787405,2.10912676587675,0.927092008922563,1.46995010557352,2.93131063966578,6,0,0,0,0,0,1,0,0,0,0,0,0,0,0,0,0,0,0
0.785363873195779,1.00285564847062,0.218728950302123,0.891082711961809,1.35898296126203,2.2091392936286,6,0,0,0,0,0,1,0,0,0,0,0,0,0,0,0,0,0,0
1.08756392455465,1.25670294695919,1.58377481307362,0.983819626353871,2.58922622078945,3.21354258312767,6,0,0,0,0,0,1,0,0,0,0,0,0,0,0,0,0,0,0
0.979187053579357,0.657946258353915,1.04369062537587,0.43131587690035,0.992597012545308,2.42061617637501,6,0,0,0,0,0,1,0,0,0,0,0,0,0,0,0,0,0,0
-1.3324231900586,-0.0906904965362661,1.46478849196658,0.305377321868171,0.146906724109388,0.641262515932623,6,0,0,0,0,0,1,0,0,0,0,0,0,0,0,0,0,0,0
1.80704297075406,0.551174819290458,0.124546252016351,0.209698368067321,0.281542649746637,1.0462019664427,6,0,0,0,0,0,1,0,0,0,0,0,0,0,0,0,0,0,0
2.15253916048676,1.32674213270024,0.764559847025909,0.817581435763586,1.04271926079643,3.07869989766421,6,0,0,0,0,0,1,0,0,0,0,0,0,0,0,0,0,0,0
0.404986922296451,0.736898748570748,0.492168623361099,-0.408904068496516,1.06261153631419,0.90286979557875,6,0,0,0,0,0,1,0,0,0,0,0,0,0,0,0,0,0,0
0.129754963063797,0.772048728651869,-0.459577234110635,1.16641558847067,1.47427474528442,0.761871117961134,6,0,0,0,0,0,1,0,0,0,0,0,0,0,0,0,0,0,0
-0.327145843810904,1.09737718513492,0.699949083888176,1.21427009267696,1.73261321772805,1.78034081147541,6,0,0,0,0,0,1,0,0,0,0,0,0,0,0,0,0,0,0
-0.124887264626489,0.091246159900872,0.595870811996585,0.9011538022105,1.24083287217021,0.712678595968849,6,0,0,0,0,0,1,0,0,0,0,0,0,0,0,0,0,0,0
1.11907733892573,1.16636309881874,1.00523700843411,0.560204883121478,1.14492233382859,1.75035138507774,6,0,0,0,0,0,1,0,0,0,0,0,0,0,0,0,0,0,0
-2.01041193317948,-0.53420107927195,-1.65532725438089,-0.11894130770298,-0.206388197265755,-0.161545564999199,7,0,0,0,0,0,0,1,0,0,0,0,0,0,0,0,0,0,0
-1.40142017865525,-0.767513329841074,-0.527329938978032,-0.472460636666163,-1.28519013330325,0.560987980133816,7,0,0,0,0,0,0,1,0,0,0,0,0,0,0,0,0,0,0
0.232700912243325,-0.46435636531446,-0.102100200015067,-0.0409786136207033,-0.588342208267111,-0.312581192793596,7,0,0,0,0,0,0,1,0,0,0,0,0,0,0,0,0,0,0
-1.02363895206606,-0.270740136371312,-0.947470596453655,0.139537354841288,-0.225912045195951,1.64266806826196,7,0,0,0,0,0,0,1,0,0,0,0,0,0,0,0,0,0,0
-2.14990310618262,-0.664932952817713,-0.960694824320964,-0.486036859665638,-0.908790771797433,0.856758165164879,7,0,0,0,0,0,0,1,0,0,0,0,0,0,0,0,0,0,0
-2.36359865628859,-1.51855222354604,-1.56720497082568,-0.0558543668524717,-2.16319812115428,-0.0121937891325725,7,0,0,0,0,0,0,1,0,0,0,0,0,0,0,0,0,0,0
-0.854645894889286,-0.16305080949671,-1.85722442163123,0.119714450225849,-0.683172982996552,1.09539372772492,7,0,0,0,0,0,0,1,0,0,0,0,0,0,0,0,0,0,0
-1.7956842583272,-1.11172030348157,-0.576055897269453,-0.345198795089195,-0.180731381774504,1.58858588348028,7,0,0,0,0,0,0,1,0,0,0,0,0,0,0,0,0,0,0
-1.87808067097562,-0.417774558184168,-1.21202787098024,-0.0384942910987937,-0.315394574670874,0.606170620028191,7,0,0,0,0,0,0,1,0,0,0,0,0,0,0,0,0,0,0
-1.57960157941562,-1.02495897939892,-1.05580434165743,-0.0416931171765099,-1.87312767145141,-1.21733771152592,7,0,0,0,0,0,0,1,0,0,0,0,0,0,0,0,0,0,0
-1.4867540589532,-0.826257290599415,-1.54801731327329,-0.200469168700409,-0.628351801874635,0.586795618004937,7,0,0,0,0,0,0,1,0,0,0,0,0,0,0,0,0,0,0
-1.33569518200346,-0.486403909066473,-0.969653310491373,0.0970088798145166,-0.421905018036714,0.255140752021295,7,0,0,0,0,0,0,1,0,0,0,0,0,0,0,0,0,0,0
-1.62600005429645,-0.375251791709771,-1.00287938104374,-0.0706261725011351,-0.546973178600513,-0.0247397714524948,7,0,0,0,0,0,0,1,0,0,0,0,0,0,0,0,0,0,0
0.223225899928871,0.307989410218215,-0.123451643243712,0.552852962658189,0.762815985389783,0.604533481502573,7,0,0,0,0,0,0,1,0,0,0,0,0,0,0,0,0,0,0
-3.14317647772066,-1.11783987242231,-1.12489722693483,-0.130127056389118,-0.70086922972328,1.153050918339,7,0,0,0,0,0,0,1,0,0,0,0,0,0,0,0,0,0,0
-1.01365983023432,-0.645547691446239,-0.889478860387834,0.44460418787675,-1.0821693934103,-2.15524294306079,8,0,0,0,0,0,0,0,1,0,0,0,0,0,0,0,0,0,0
0.602836513941919,0.613780620021485,-0.219883834970969,0.797339345104442,-0.0709942055300174,-1.50484826971361,8,0,0,0,0,0,0,0,1,0,0,0,0,0,0,0,0,0,0
-1.97338929559525,0.205859007330383,-0.229464804444475,0.630273834555025,-0.349985501016717,-1.7241905026439,8,0,0,0,0,0,0,0,1,0,0,0,0,0,0,0,0,0,0
-0.444282054797585,0.552634016958053,-0.660469774614155,0.872302944093721,-0.0741265837288902,-0.830637186164371,8,0,0,0,0,0,0,0,1,0,0,0,0,0,0,0,0,0,0
-0.0829174973262684,0.409129983490328,0.708263722342285,0.446632612812762,0.3054145001076,-0.481989601626336,8,0,0,0,0,0,0,0,1,0,0,0,0,0,0,0,0,0,0
-0.583760243950243,-0.0674238756709402,-0.262881135214959,0.0791055270070226,0.298215251015799,-0.886279584786343,8,0,0,0,0,0,0,0,1,0,0,0,0,0,0,0,0,0,0
-1.43785993169606,0.153059247411453,-0.22444765907714,0.413665186382735,0.579760913929437,-1.34361932969447,8,0,0,0,0,0,0,0,1,0,0,0,0,0,0,0,0,0,0
-0.960088677628528,-0.850934552317359,-0.463334657792328,0.363614939507839,-2.06293423749047,-1.97656413469825,8,0,0,0,0,0,0,0,1,0,0,0,0,0,0,0,0,0,0
0.0670519154422397,0.624768920452838,0.569197185340586,0.826245249014141,-0.721556601386924,-1.92055244774265,8,0,0,0,0,0,0,0,1,0,0,0,0,0,0,0,0,0,0
1.68168408971593,0.144403791594577,-0.058349511693538,0.580339713167002,-1.7544903359545,-2.25783946151325,8,0,0,0,0,0,0,0,1,0,0,0,0,0,0,0,0,0,0
0.0450896759291466,0.369737407998231,-0.0568995562700317,0.420875592069492,-1.69575293238058,-2.54643108737181,8,0,0,0,0,0,0,0,1,0,0,0,0,0,0,0,0,0,0
1.25526620191287,0.609559474282975,-0.563404658954185,1.18153405455373,-0.347641067784668,-1.09752134811555,8,0,0,0,0,0,0,0,1,0,0,0,0,0,0,0,0,0,0
-0.372772331803292,-0.0529256078508011,-0.30479054447602,0.29226433977071,-0.920516048076477,-1.55188650907835,8,0,0,0,0,0,0,0,1,0,0,0,0,0,0,0,0,0,0
1.06452840732934,0.215325240928278,0.0935110166250399,0.37815559109849,-0.714630112964474,-1.66961474466015,8,0,0,0,0,0,0,0,1,0,0,0,0,0,0,0,0,0,0
-0.727920241459005,-0.519688336940707,0.00525385384824318,0.0521101213818311,-0.342225745636838,-1.50757748048581,8,0,0,0,0,0,0,0,1,0,0,0,0,0,0,0,0,0,0
-1.79383406593651,0.0168557758724986,0.697562640353381,0.195138965956522,0.171529415684575,0.21653765026248,9,0,0,0,0,0,0,0,0,1,0,0,0,0,0,0,0,0,0
1.50025359217015,1.24812390785279,0.325556673236215,0.654832758347698,0.0883465025465874,0.673446259223554,9,0,0,0,0,0,0,0,0,1,0,0,0,0,0,0,0,0,0
-0.928520891558533,0.400406705715108,0.666238229403431,0.279420076334084,1.54241521014915,1.89249772470626,9,0,0,0,0,0,0,0,0,1,0,0,0,0,0,0,0,0,0
1.48776760532898,0.958345492268198,0.694199816433193,0.601036738207782,1.43947035018055,1.43377072818856,9,0,0,0,0,0,0,0,0,1,0,0,0,0,0,0,0,0,0
1.12467838810803,0.899676627421303,1.46311303062858,0.571613358713606,0.694800543614291,0.81671737716279,9,0,0,0,0,0,0,0,0,1,0,0,0,0,0,0,0,0,0
0.219690951152772,0.0496647153035629,0.956932219188204,-0.111519545593205,0.366096660859505,0.518278122097863,9,0,0,0,0,0,0,0,0,1,0,0,0,0,0,0,0,0,0
-0.294940507896316,0.136838571436484,0.425478542287808,-0.0435780733715243,-0.262728817068004,0.144049391477678,9,0,0,0,0,0,0,0,0,1,0,0,0,0,0,0,0,0,0
-0.591571998894616,-0.446980158814131,0.367356950650441,-0.178582272378591,0.269197123049421,0.517249751776927,9,0,0,0,0,0,0,0,0,1,0,0,0,0,0,0,0,0,0
0.648543899702995,0.313103454700611,0.251896755735564,0.274704699809757,0.461020213820437,0.75110628705926,9,0,0,0,0,0,0,0,0,1,0,0,0,0,0,0,0,0,0
-5.17543100748272,0.0206120491696435,0.370050977777187,0.0307158635103762,-0.149246107549472,0.902892956946361,9,0,0,0,0,0,0,0,0,1,0,0,0,0,0,0,0,0,0
-3.43263037971405,0.370549583065308,1.37029029389023,0.0435141915910025,0.142802206958529,1.01770042101933,9,0,0,0,0,0,0,0,0,1,0,0,0,0,0,0,0,0,0
1.67455986096017,0.0593367328640593,0.487462366853793,0.341189942399501,0.767545945381382,0.967877811743282,9,0,0,0,0,0,0,0,0,1,0,0,0,0,0,0,0,0,0
-4.64516726833357,0.616106578527789,0.881916568207447,0.336248089683876,1.32314068771485,1.46353206004911,9,0,0,0,0,0,0,0,0,1,0,0,0,0,0,0,0,0,0
-0.618222183777477,0.899675558740238,0.599730000778773,0.393076393795978,0.638253222792954,1.37736858167968,9,0,0,0,0,0,0,0,0,1,0,0,0,0,0,0,0,0,0
0.666364757314086,-0.23667748395681,0.35755665431323,0.0165752061678147,0.546171525843469,0.146393535730158,9,0,0,0,0,0,0,0,0,1,0,0,0,0,0,0,0,0,0
-1.89052932537244,-0.1592947228401,0.126472532864746,0.0270692246641501,-0.0914116791550922,-0.321396632031011,10,0,0,0,0,0,0,0,0,0,1,0,0,0,0,0,0,0,0
-1.06351320385249,0.0759460613105166,-0.109025623617807,0.321548146513192,-0.914982485320873,-0.464114992739754,10,0,0,0,0,0,0,0,0,0,1,0,0,0,0,0,0,0,0
-1.50645072399072,-0.597166490435345,1.08708864123949,0.11034948003719,0.623265861613378,1.09398330164924,10,0,0,0,0,0,0,0,0,0,1,0,0,0,0,0,0,0,0
-0.8415827302297,-0.908045011671643,0.40941841210777,-0.278419274874614,-0.226677752343985,0.0944862914434171,10,0,0,0,0,0,0,0,0,0,1,0,0,0,0,0,0,0,0
0.736777394774213,-0.539044498311413,0.884846063354257,0.270829182654244,-0.40877087056311,0.219543700032345,10,0,0,0,0,0,0,0,0,0,1,0,0,0,0,0,0,0,0
-0.385306492937404,-0.566058251389566,0.530619593555958,-0.0574813601673992,-0.440922119747142,-0.450969917397975,10,0,0,0,0,0,0,0,0,0,1,0,0,0,0,0,0,0,0
1.57483466093621,0.284014765755484,0.778753943875774,0.00143215030677171,-0.32904874329064,-0.0650108744983949,10,0,0,0,0,0,0,0,0,0,1,0,0,0,0,0,0,0,0
-0.847806551960644,-0.0296976444921002,1.34258429304377,0.308395863234802,0.169548944801872,0.81804231192491,10,0,0,0,0,0,0,0,0,0,1,0,0,0,0,0,0,0,0
-0.891920545454136,-0.32127932209491,0.701849959978556,0.507267611226627,-0.337492637287402,0.100568183207131,10,0,0,0,0,0,0,0,0,0,1,0,0,0,0,0,0,0,0
-3.73795911251191,0.500762114192166,1.02529040746198,0.434021563265463,-0.00680819640575611,-0.0818630076579268,10,0,0,0,0,0,0,0,0,0,1,0,0,0,0,0,0,0,0
-3.39946351489627,-0.049057831924765,0.0266054068030282,0.30432619542084,0.471416240139813,0.390760546769956,10,0,0,0,0,0,0,0,0,0,1,0,0,0,0,0,0,0,0
2.81739026571676,-0.109953083662153,0.773658156707127,0.148200656997089,-0.67856858461108,-0.212917168311706,10,0,0,0,0,0,0,0,0,0,1,0,0,0,0,0,0,0,0
-1.58090185702548,0.10571026704703,0.705982019191217,0.0704575556585096,-0.291267204949435,0.901690992018597,10,0,0,0,0,0,0,0,0,0,1,0,0,0,0,0,0,0,0
-1.50088730879058,1.05186182586997,0.704643654656758,0.498244756770389,1.07950293241742,0.928348365060867,10,0,0,0,0,0,0,0,0,0,1,0,0,0,0,0,0,0,0
0.549004544429491,-0.363424375832595,1.02170797353037,0.0367793523867272,0.247076970280299,-0.109966238934503,10,0,0,0,0,0,0,0,0,0,1,0,0,0,0,0,0,0,0
1.09395063566331,1.39270904484627,-1.04339055910584,0.535759102291523,1.15590502022237,0.660349317357381,11,0,0,0,0,0,0,0,0,0,0,1,0,0,0,0,0,0,0
-2.09296966683071,-0.53328071353925,-1.35690532096462,0.1067724249926,1.19808973828036,0.829468105908935,11,0,0,0,0,0,0,0,0,0,0,1,0,0,0,0,0,0,0
-1.70873433383403,0.407464028506727,0.485779241883392,-0.536225273007167,0.33359723231873,0.468374673145264,11,0,0,0,0,0,0,0,0,0,0,1,0,0,0,0,0,0,0
-1.85210249887751,-1.10150321463484,-1.01598877163494,-0.497083561071924,-1.98093431166904,-1.45956548436372,11,0,0,0,0,0,0,0,0,0,0,1,0,0,0,0,0,0,0
-1.08238283037563,-1.00221036505402,-0.0922864090751298,-0.464707757413251,-1.24746018071324,-1.11847662115556,11,0,0,0,0,0,0,0,0,0,0,1,0,0,0,0,0,0,0
2.89967512950701,0.447854517241802,-1.08665134092739,0.26178794159759,-0.113284997455279,-0.906168283007511,11,0,0,0,0,0,0,0,0,0,0,1,0,0,0,0,0,0,0
1.38315464018317,0.706664513078764,-0.87119647114017,0.703003685636954,-1.27448461384994,-0.454342473854684,11,0,0,0,0,0,0,0,0,0,0,1,0,0,0,0,0,0,0
-1.09045376281521,-0.365127267446653,-0.160315922563482,-0.153350783111551,0.07384010110539,-1.33845211828308,11,0,0,0,0,0,0,0,0,0,0,1,0,0,0,0,0,0,0
0.754140056674452,0.298100324828551,0.0307625187077234,0.217410036450651,-0.347458089579917,-1.52437657108306,11,0,0,0,0,0,0,0,0,0,0,1,0,0,0,0,0,0,0
-1.44484339552895,-0.949703059041794,0.325344485937207,-0.229576214845292,-0.434476546906103,-0.748045378117725,11,0,0,0,0,0,0,0,0,0,0,1,0,0,0,0,0,0,0
-1.08198294706512,-0.721474331184641,1.15872687480794,-0.774032951881158,1.0896485704711,0.95177621381714,11,0,0,0,0,0,0,0,0,0,0,1,0,0,0,0,0,0,0
0.41411239686038,-0.967158816755738,-1.44209982783243,-0.373774984089628,0.697052334140394,-2.17834478864029,11,0,0,0,0,0,0,0,0,0,0,1,0,0,0,0,0,0,0
-1.42358324317128,-0.597184752680816,-0.582914641019556,-0.0383025035862833,0.932207091361822,0.898941475193435,11,0,0,0,0,0,0,0,0,0,0,1,0,0,0,0,0,0,0
0.203640541990731,0.400772063662877,-0.426927277993792,0.316615675379069,1.70679022721504,-0.473423075977579,11,0,0,0,0,0,0,0,0,0,0,1,0,0,0,0,0,0,0
1.38560001037361,0.512805276594067,1.06003100098159,0.753519042011641,1.90740716431031,1.76768552216116,11,0,0,0,0,0,0,0,0,0,0,1,0,0,0,0,0,0,0
-1.3368373456742,-0.164133178791036,-0.39318468263935,-0.256522144123034,-0.738858819147012,0.889146428141571,12,0,0,0,0,0,0,0,0,0,0,0,1,0,0,0,0,0,0
1.62313255292167,1.71616875028853,0.195025706538621,0.492936096246,0.52088791109409,-0.286741826521808,12,0,0,0,0,0,0,0,0,0,0,0,1,0,0,0,0,0,0
-1.62305946294811,-0.690998167680994,-1.03831175371932,-0.574289064946436,-0.274392283774433,0.757149474764284,12,0,0,0,0,0,0,0,0,0,0,0,1,0,0,0,0,0,0
-2.58749768473247,-1.94759771076837,0.203019245296134,-1.2532752316913,-1.53948897156695,-0.8497141709283,12,0,0,0,0,0,0,0,0,0,0,0,1,0,0,0,0,0,0
0.208648062070584,0.274763886901981,-0.527771154777678,-0.435471291107151,0.639386010024761,-0.797143864259741,12,0,0,0,0,0,0,0,0,0,0,0,1,0,0,0,0,0,0
0.308184595270999,-0.202165286068929,-0.035830976813713,-0.096986101119414,-1.13490590691254,-1.85468052326836,12,0,0,0,0,0,0,0,0,0,0,0,1,0,0,0,0,0,0
-1.32243279409446,0.546041718420453,0.330457844598062,0.251098205853394,0.728639902763399,1.93844082028479,12,0,0,0,0,0,0,0,0,0,0,0,1,0,0,0,0,0,0
-0.437262228739578,0.245916783344433,0.245439090267675,-0.336127135620633,0.613416241079314,-0.415309925354069,12,0,0,0,0,0,0,0,0,0,0,0,1,0,0,0,0,0,0
2.51155843232558,-0.858104331041551,0.490493204055038,-0.218839032424512,0.238845877073191,-0.781833864106953,12,0,0,0,0,0,0,0,0,0,0,0,1,0,0,0,0,0,0
0.146621711200897,0.110901356704097,-0.283195964500726,-0.005074494038302,-0.131879580396956,-0.0607340486888074,12,0,0,0,0,0,0,0,0,0,0,0,1,0,0,0,0,0,0
-0.912420485825758,0.229058762035083,-0.354692026959289,0.0286546213965229,0.104934966321616,0.522425498623872,12,0,0,0,0,0,0,0,0,0,0,0,1,0,0,0,0,0,0
0.717093094081912,0.093669872877448,0.598927543760898,-0.200798613885757,1.015199828575,1.46894514021933,12,0,0,0,0,0,0,0,0,0,0,0,1,0,0,0,0,0,0
-0.518890288799008,-0.366186849642213,0.263017609863735,-0.582788732950142,0.852311559916462,2.58823530736172,12,0,0,0,0,0,0,0,0,0,0,0,1,0,0,0,0,0,0
-0.118824890707335,-0.864822492439061,0.0633498951386812,-0.404045177932627,0.0400578301230746,0.330414833253853,12,0,0,0,0,0,0,0,0,0,0,0,1,0,0,0,0,0,0
-2.30825921677223,-0.400965355082455,-0.610506877823034,-0.848317562581045,-0.738161511975014,-2.43505578920024,12,0,0,0,0,0,0,0,0,0,0,0,1,0,0,0,0,0,0
-0.101600216453362,-1.14628030536401,-0.482645557824915,-0.243123289923034,-0.0659580720663084,-0.920071631803091,13,0,0,0,0,0,0,0,0,0,0,0,0,1,0,0,0,0,0
0.14321207977397,-0.738810140074587,0.0461351539308125,0.151500374144567,-0.0800036352348732,-0.225672219196108,13,0,0,0,0,0,0,0,0,0,0,0,0,1,0,0,0,0,0
-0.0717194748124058,-1.5704036938218,-0.219164796022442,-0.650760818758419,-0.464419897332839,-0.369049098576908,13,0,0,0,0,0,0,0,0,0,0,0,0,1,0,0,0,0,0
-2.27064662978269,-1.85669531946539,0.742827313912598,-0.956303798560575,-1.51357170703516,-0.21732403262791,13,0,0,0,0,0,0,0,0,0,0,0,0,1,0,0,0,0,0
-0.860414968171483,-0.935016677089084,1.66422365601145,-0.0718927620750328,0.327780041772372,0.0731491289094471,13,0,0,0,0,0,0,0,0,0,0,0,0,1,0,0,0,0,0
-1.51826073908394,0.876823858195695,-0.59960111095671,0.617642817913559,0.95612259889216,1.2822981333058,13,0,0,0,0,0,0,0,0,0,0,0,0,1,0,0,0,0,0
0.474985940201004,-1.96280637505944,-0.00952755858364315,-0.550855283795195,-2.29816594939801,-0.634532523189572,13,0,0,0,0,0,0,0,0,0,0,0,0,1,0,0,0,0,0
-3.09402985495032,-2.95260544252437,0.434434436537195,-0.972887813982877,-1.62895561195127,-1.29192463831134,13,0,0,0,0,0,0,0,0,0,0,0,0,1,0,0,0,0,0
-0.76880228433716,-0.00425425146217481,-0.320572120020646,0.172521371945451,-1.27097235156224,-4.53530646432913,13,0,0,0,0,0,0,0,0,0,0,0,0,1,0,0,0,0,0
1.94583326485124,-1.50213106257964,1.42270140343435,-0.56268177755674,-0.964646531117441,0.215580444522787,13,0,0,0,0,0,0,0,0,0,0,0,0,1,0,0,0,0,0
-0.155167730047165,-1.96118543585157,-0.325888771120668,-0.151871024922145,0.112913135134545,-0.399108589945948,13,0,0,0,0,0,0,0,0,0,0,0,0,1,0,0,0,0,0
-1.11273673886688,-0.399162444250257,0.787723241725797,0.251192704564377,-0.645938400291255,0.804784946870479,13,0,0,0,0,0,0,0,0,0,0,0,0,1,0,0,0,0,0
-0.234685120381417,-0.850171447174416,-0.44100404290646,-0.089292493204381,-0.187494049808054,-0.423670589303426,13,0,0,0,0,0,0,0,0,0,0,0,0,1,0,0,0,0,0
-0.469353494097752,-1.65713403376557,0.210335732585558,-0.894029581142298,-1.06180664506564,-0.428671564938408,13,0,0,0,0,0,0,0,0,0,0,0,0,1,0,0,0,0,0
-2.5561773007143,-0.515375613240632,1.12797049539246,-0.446886713988582,-1.0679885765488,-0.582536221738146,13,0,0,0,0,0,0,0,0,0,0,0,0,1,0,0,0,0,0
-1.31762271097829,-0.752068728665588,-1.07822486925371,0.0596437990218379,-1.71829885119676,-1.25521660143266,14,0,0,0,0,0,0,0,0,0,0,0,0,0,1,0,0,0,0
-1.78008777871333,-0.582273746510984,0.284959534295477,0.0399057661905354,-0.844798155755427,0.387290733665807,14,0,0,0,0,0,0,0,0,0,0,0,0,0,1,0,0,0,0
-0.138464385174643,0.227529137993471,0.734070288672693,0.115021047676252,-0.643699249563824,-3.05195778742432,14,0,0,0,0,0,0,0,0,0,0,0,0,0,1,0,0,0,0
-0.1760219480043,0.137365894313964,-0.188130237389799,0.656921310138178,-1.09370497920809,-3.07910244581028,14,0,0,0,0,0,0,0,0,0,0,0,0,0,1,0,0,0,0
-0.235780526590095,-0.50954861299922,-0.42034995550536,-0.00150918254665106,-0.878602948059907,-1.64762324878318,14,0,0,0,0,0,0,0,0,0,0,0,0,0,1,0,0,0,0
-0.592507512835354,0.0131046856180414,1.85038908597444,0.48568839796363,-0.195404228139763,-0.283770786555457,14,0,0,0,0,0,0,0,0,0,0,0,0,0,1,0,0,0,0
-2.43056496571474,-0.796593440611758,1.79489521199592,-0.548296304766902,0.184092833474495,1.01994697479461,14,0,0,0,0,0,0,0,0,0,0,0,0,0,1,0,0,0,0
-0.783747868605916,-0.193723620212514,1.56704426085736,0.285018439565257,-0.856315955087992,1.16745176144057,14,0,0,0,0,0,0,0,0,0,0,0,0,0,1,0,0,0,0
-2.43164635413547,-0.628238492077537,0.238578056060122,0.0399894102362795,-0.685817792337836,-0.28685225669644,14,0,0,0,0,0,0,0,0,0,0,0,0,0,1,0,0,0,0
3.09237613063507,0.394098709984906,0.225503848704349,0.286645513785992,-0.851859106698444,1.16707361192586,14,0,0,0,0,0,0,0,0,0,0,0,0,0,1,0,0,0,0
-1.01078014805901,-0.464923928973406,0.232949059257792,0.0704503869807285,-1.44935033830623,0.313911005650007,14,0,0,0,0,0,0,0,0,0,0,0,0,0,1,0,0,0,0
0.0808976667508178,-0.713117062088924,0.587165425760833,0.172356400368729,-1.62656823498633,-1.81823803224532,14,0,0,0,0,0,0,0,0,0,0,0,0,0,1,0,0,0,0
-0.413036182486445,0.783998736583467,0.866501039996338,0.586405628262778,-1.15095548305589,0.374061861891722,14,0,0,0,0,0,0,0,0,0,0,0,0,0,1,0,0,0,0
-0.335832440777368,0.752235929807985,1.29266698636195,-0.124841095366614,0.725112232613146,1.15768540279152,14,0,0,0,0,0,0,0,0,0,0,0,0,0,1,0,0,0,0
-0.948745527350596,-0.143961992728692,1.18337076427134,-0.428972405713648,-0.530155209662123,1.64962294562628,14,0,0,0,0,0,0,0,0,0,0,0,0,0,1,0,0,0,0
-1.19129649157191,-1.12271264108876,-0.246859053670485,-0.0133289327491338,-0.164101778383358,0.0599769687940046,15,0,0,0,0,0,0,0,0,0,0,0,0,0,0,1,0,0,0
-0.259066127173669,-0.412000912085523,0.926873180761552,0.0900681791916942,-0.0628751995158211,-0.327907697138309,15,0,0,0,0,0,0,0,0,0,0,0,0,0,0,1,0,0,0
-0.381110222236811,-1.35922663564838,-0.898174588940636,-0.1726642506115,-1.0764453417165,-3.35955628773199,15,0,0,0,0,0,0,0,0,0,0,0,0,0,0,1,0,0,0
-0.0804461278221126,-0.256553459766185,-0.143104573950665,0.156790237212162,-0.293208487185729,-1.70009935583802,15,0,0,0,0,0,0,0,0,0,0,0,0,0,0,1,0,0,0
-0.788554714252794,-0.539742872829208,0.20772563733293,-0.107681505511774,-0.726699632800377,-1.66001230999474,15,0,0,0,0,0,0,0,0,0,0,0,0,0,0,1,0,0,0
-0.917341555481845,-1.62728230242273,-0.285197198489465,-0.461765946695395,-1.28682298985452,-0.800873233150788,15,0,0,0,0,0,0,0,0,0,0,0,0,0,0,1,0,0,0
-0.291995290667648,-0.744559858092646,-0.654293159813582,-0.0578550100177089,-1.10964651700439,-1.66527131686794,15,0,0,0,0,0,0,0,0,0,0,0,0,0,0,1,0,0,0
-0.249521974640684,-0.566584105482965,-0.642502634963069,-0.0373433477203977,-0.9097435214837,-0.842428006802342,15,0,0,0,0,0,0,0,0,0,0,0,0,0,0,1,0,0,0
-0.294798929030354,-1.16339955806875,-0.837368173227838,-0.21646900077723,-1.27908642718663,-0.858070735420529,15,0,0,0,0,0,0,0,0,0,0,0,0,0,0,1,0,0,0
-0.118450577073616,-0.559998417880369,-0.691490797212685,0.116580160938191,-0.815125708972609,-1.27095351527131,15,0,0,0,0,0,0,0,0,0,0,0,0,0,0,1,0,0,0
-0.074326922699958,-0.833602920616694,-0.316532243648455,-0.0549298590430622,-1.1307889341897,-1.82088796950248,15,0,0,0,0,0,0,0,0,0,0,0,0,0,0,1,0,0,0
-1.0138854085204,-0.862263440584995,0.180621574732139,-0.193805860127724,-1.15405596470574,-1.60648705761405,15,0,0,0,0,0,0,0,0,0,0,0,0,0,0,1,0,0,0
0.444445817735682,-0.252552072883523,0.493840067995676,0.0589925816394417,-0.324653229479355,-1.26605622221856,15,0,0,0,0,0,0,0,0,0,0,0,0,0,0,1,0,0,0
-0.411519095514292,-0.865066483273157,0.298680997144422,-0.149563037724616,-0.976854038003081,0.133056327575859,15,0,0,0,0,0,0,0,0,0,0,0,0,0,0,1,0,0,0
-0.694144261921224,-0.833856491289716,-0.958956473520639,-0.234622543352274,-1.97970646559869,-1.39945515183513,15,0,0,0,0,0,0,0,0,0,0,0,0,0,0,1,0,0,0
-1.75106654315634,-0.945738831717791,1.9096638736506,-0.543995501090137,-1.78439607872554,-0.245235863431395,16,0,0,0,0,0,0,0,0,0,0,0,0,0,0,0,1,0,0
1.84006057490056,0.516992754793279,2.06991853646886,0.232403678251145,0.0695749905580074,1.89394475018986,16,0,0,0,0,0,0,0,0,0,0,0,0,0,0,0,1,0,0
0.128350992061327,0.3785634981715,0.997576190158961,0.2577778906839,-1.03133846633217,-1.86833757942004,16,0,0,0,0,0,0,0,0,0,0,0,0,0,0,0,1,0,0
-1.10753207776312,-0.360237252161313,1.48580356323283,-0.31654514957194,-0.938840911822589,0.377721638195651,16,0,0,0,0,0,0,0,0,0,0,0,0,0,0,0,1,0,0
0.185301883877548,-0.548611966801657,1.55960347311486,0.243952758155485,-0.574699308384948,0.13619635476053,16,0,0,0,0,0,0,0,0,0,0,0,0,0,0,0,1,0,0
-1.53077011046007,-0.374815102671804,-0.00590067153645921,-0.273201190863574,-0.236304965547342,-0.303353412793386,16,0,0,0,0,0,0,0,0,0,0,0,0,0,0,0,1,0,0
-0.0616530533932862,-0.201280927588787,1.63150849446458,0.0252402028813876,-0.143540674433038,0.114291422359508,16,0,0,0,0,0,0,0,0,0,0,0,0,0,0,0,1,0,0
-0.531740765305693,-0.240371764392251,1.41313445719375,-0.807538184862688,-0.959705106782187,0.18027609303279,16,0,0,0,0,0,0,0,0,0,0,0,0,0,0,0,1,0,0
-1.525326656572,-0.848009800795042,1.62194537802955,-0.504191898094509,-0.239787857985292,1.98631704054293,16,0,0,0,0,0,0,0,0,0,0,0,0,0,0,0,1,0,0
-0.335694695135151,-0.0267271777294224,0.255472804122671,-0.321879382758584,-0.31688426796849,-0.199109749680431,16,0,0,0,0,0,0,0,0,0,0,0,0,0,0,0,1,0,0
2.1952996348654,1.10805365344966,2.17728291842074,0.40904698695827,1.97403909901968,1.89655542698682,16,0,0,0,0,0,0,0,0,0,0,0,0,0,0,0,1,0,0
-0.380919778540266,0.576116166031424,2.21389908066978,-0.137278404926953,0.206256893302311,1.81597060922794,16,0,0,0,0,0,0,0,0,0,0,0,0,0,0,0,1,0,0
-0.877270999709787,-0.285305783058398,0.882455152167153,-0.22209873002608,-1.23330296490552,-1.76659294906978,16,0,0,0,0,0,0,0,0,0,0,0,0,0,0,0,1,0,0
0.694686071239099,-0.164965915459455,-0.71207021594751,0.0547846520903573,-0.235832697782281,-2.69840131232577,16,0,0,0,0,0,0,0,0,0,0,0,0,0,0,0,1,0,0
1.20435165087436,-0.311018506114436,1.86347293798616,-0.235411449038065,0.454292314550623,0.79320686117338,16,0,0,0,0,0,0,0,0,0,0,0,0,0,0,0,1,0,0
0.432214693448648,-0.234547021118696,0.318112292923565,0.230374991373129,-0.730654602908864,0.0457176679905554,17,0,0,0,0,0,0,0,0,0,0,0,0,0,0,0,0,1,0
-1.96406198587041,1.87341604525848,-0.240860191304911,0.910528457602674,1.70638453025529,0.603564764655372,17,0,0,0,0,0,0,0,0,0,0,0,0,0,0,0,0,1,0
0.646535977355669,1.02426341805728,0.0190210533467437,0.552077028368018,1.8865340304476,0.602331523848483,17,0,0,0,0,0,0,0,0,0,0,0,0,0,0,0,0,1,0
0.871366820751811,0.0190842957541745,-0.00563956453134713,0.156510079859987,0.21947377104343,2.22696067070284,17,0,0,0,0,0,0,0,0,0,0,0,0,0,0,0,0,1,0
0.39985950733827,0.882875417052523,0.390309816597269,1.066425578951,2.10473315187072,1.84416819765957,17,0,0,0,0,0,0,0,0,0,0,0,0,0,0,0,0,1,0
-1.74345530799137,0.103653417495177,1.52097047864679,0.560883321845806,0.24984895037528,1.14300391483251,17,0,0,0,0,0,0,0,0,0,0,0,0,0,0,0,0,1,0
-0.878996527292532,1.51694719046255,0.337044120253004,1.027866017898,1.55759163337402,2.03084669783417,17,0,0,0,0,0,0,0,0,0,0,0,0,0,0,0,0,1,0
-1.17081314509711,-0.00316244263128167,0.973508842202601,0.0329860670760501,-0.858924582877013,1.61414482233212,17,0,0,0,0,0,0,0,0,0,0,0,0,0,0,0,0,1,0
0.426363891150266,1.03324331583968,-0.659710037735214,0.80804325770655,0.622055521193645,0.592421213971215,17,0,0,0,0,0,0,0,0,0,0,0,0,0,0,0,0,1,0
-1.24416442291181,-0.285806712630517,0.597038726652795,0.0749788787257678,0.2924871359016,2.01039289936704,17,0,0,0,0,0,0,0,0,0,0,0,0,0,0,0,0,1,0
-0.76954146044443,0.464712705712122,1.6946980402204,-0.0415602819687186,0.728782663816523,2.15985228975968,17,0,0,0,0,0,0,0,0,0,0,0,0,0,0,0,0,1,0
-0.375926402110076,-0.0647820414587869,0.192859532106743,-0.0927674073126237,-0.50025057494837,1.31250570396838,17,0,0,0,0,0,0,0,0,0,0,0,0,0,0,0,0,1,0
1.45535014607489,0.931393908498941,0.591198729346834,0.806758286445531,0.545005784681272,1.19799507087946,17,0,0,0,0,0,0,0,0,0,0,0,0,0,0,0,0,1,0
1.52746602202233,1.27175574086833,0.424277389762372,0.264792211772909,3.25008707786448,2.58882597381428,17,0,0,0,0,0,0,0,0,0,0,0,0,0,0,0,0,1,0
2.75300026869782,0.664168980164803,-0.270875186088511,0.542536664394093,-0.170936330489172,1.34475872852289,17,0,0,0,0,0,0,0,0,0,0,0,0,0,0,0,0,1,0
0.0184469089612325,0.439210258675076,-0.544029120095929,0.933763231180353,0.267771070585177,1.49282926008999,18,0,0,0,0,0,0,0,0,0,0,0,0,0,0,0,0,0,1
1.28333835353212,1.17042639975795,0.328394498874766,0.584134867229994,1.34525688247904,1.34209386497506,18,0,0,0,0,0,0,0,0,0,0,0,0,0,0,0,0,0,1
-0.807985444436944,1.11025902142063,0.0582601123874056,0.793268547441109,-0.160426777059196,1.29160413892641,18,0,0,0,0,0,0,0,0,0,0,0,0,0,0,0,0,0,1
2.03309935636836,0.54351151417202,0.115915257097244,0.79306242426394,-0.109250110542966,-0.709751262878913,18,0,0,0,0,0,0,0,0,0,0,0,0,0,0,0,0,0,1
-0.884966695400368,-0.347954578335492,0.34182737033589,-0.109743633144943,-1.13478412460045,0.0162378078723639,18,0,0,0,0,0,0,0,0,0,0,0,0,0,0,0,0,0,1
-0.389224417950115,0.531299965333108,0.0615109837260917,0.603644451863418,-0.742028669849367,-0.408457122726876,18,0,0,0,0,0,0,0,0,0,0,0,0,0,0,0,0,0,1
0.154104176280647,0.410847488155707,-0.423249013963338,0.625795643026491,0.709271108029754,-1.02933021965728,18,0,0,0,0,0,0,0,0,0,0,0,0,0,0,0,0,0,1
0.481515570315359,0.025683088767476,0.604528914334146,0.754559923589293,-0.548793284343722,0.157309047859695,18,0,0,0,0,0,0,0,0,0,0,0,0,0,0,0,0,0,1
-0.883099652259748,-1.01478684086638,-0.351624738200784,0.273511106721674,-0.823465672485094,0.600801106023102,18,0,0,0,0,0,0,0,0,0,0,0,0,0,0,0,0,0,1
-2.43918423182992,-0.474384445692247,0.457685042187973,-0.278959965729283,-1.11260133242972,-0.175488731603763,18,0,0,0,0,0,0,0,0,0,0,0,0,0,0,0,0,0,1
0.179691639828781,-0.179507751591507,-1.17578897881684,0.717018937432673,-0.0638167928262332,-1.16495257391698,18,0,0,0,0,0,0,0,0,0,0,0,0,0,0,0,0,0,1
-0.90545743487843,0.815691930613586,0.618357144661711,0.888375427060359,0.437161802582673,1.93270337236781,18,0,0,0,0,0,0,0,0,0,0,0,0,0,0,0,0,0,1
-1.10003789983363,-0.0317432942904566,-0.297395852184899,0.332455392657016,-1.07178250291974,-0.578761896295939,18,0,0,0,0,0,0,0,0,0,0,0,0,0,0,0,0,0,1
-0.447584588181116,0.129525603785944,0.757327761847647,0.350156001365042,-0.0493857206935596,0.841192706644174,18,0,0,0,0,0,0,0,0,0,0,0,0,0,0,0,0,0,1
-0.0693609829551966,-0.454039405436674,1.20702819693616,-0.0872813127257882,-0.74747751625612,0.819923300739297,18,0,0,0,0,0,0,0,0,0,0,0,0,0,0,0,0,0,1
