zrating,subjId,studyId,Visual,Somatomotor,dAttention,vAttention,Limbic,Frontoparietal,Default
-0.97145914420932,1,1,-0.517947412309501,0.0292426238508443,0.225149255528918,0.240288217443936,-0.155773260534241,0.31271414396146,0.17103720454919
-0.0811501359150491,1,1,-0.240513850896739,0.556061128118477,0.0334788340025009,0.473282425534447,0.0177762129528719,0.103507819129806,0.180878556695419
1.00887556295802,1,1,0.128874962842631,0.647160468161999,0.192867102891795,0.693602952961834,0.059470458132207,0.191447201348547,0.202727672603017
2.02997901487065,1,1,0.614178242014228,0.870440110565099,0.693328006580975,0.873809624675028,-0.0472691802153005,0.164062720663766,0.0509698788727738
-1.02742644885098,4,1,-0.066767332550683,0.549290374149293,-0.0555099987502776,0.459509703387984,-0.117941824419742,-0.174999264591616,0.00617164478089537
-0.0626725378935642,4,1,0.243261435836169,0.686849962345713,0.634321152309848,0.529524989890165,-0.0796767871090895,0.378945011955778,0.110313084233858
0.982206671750184,4,1,0.496194729683964,0.908293788149179,0.619936625737197,0.711193281280991,0.0931811816586254,0.387896797874125,0.307184460497029
1.96660687019609,4,1,0.347031975800105,0.921123755984695,0.526913983905748,0.617203974899445,0.0495155408445268,0.347839135793918,0.287489528730804
0.0394399161877049,5,1,0.0496180029875028,0.172374864578959,-0.0179758746946156,0.217148296264163,-0.136431257159816,0.298654485643349,0.129582506367005
0.782127709533441,5,1,0.161285791746175,0.567162227690105,0.0618351079208649,0.472904478565666,0.232279216705506,0.381077656341374,0.192924313601326
1.60082544839907,5,1,0.220391612544417,0.28849906511895,0.16432410683283,0.521547019791689,0.272737682312948,0.53711138320604,0.412845798233596
2.37578425357317,5,1,0.0435636516333518,0.378771945830246,0.157136514104351,0.65029119664451,0.322804892881299,0.525101461765241,0.335029059203019
-1.27454617973167,6,1,0.159476839849077,0.498898424447739,0.137201291064529,0.279161885450226,0.0887653629507595,0.179440469422607,0.211404462386565
-0.362721740285268,6,1,0.367527904455715,0.818718582955682,0.269562386194347,0.602125219449658,0.138749897124555,0.625751811829714,0.390734259761395
0.690122110805011,6,1,0.0632822566808643,1.10330431651977,0.100061740070379,0.718838648143581,0.116714317165607,0.791091038864653,0.530322048447368
1.63287502677683,6,1,0.192610710145652,1.24553265802051,0.422765813513101,0.764997007148815,0.00986923523996173,1.23882490065504,0.457735203023495
-1.11378549458886,7,1,0.49301159509488,0.086200312799045,0.810949449017434,0.659057352984038,0.0298355977924547,0.426134490758176,-0.0852194041318583
-0.220276917661019,7,1,0.199174288561258,0.325040757482087,0.635912474151586,0.618346117889061,0.0301268464279463,0.403872837536241,-0.0594495178879178
1.05714805519099,7,1,0.338307285271131,0.417891148765103,0.489433437657752,0.692769325350635,0.0411227976980929,0.325973219735839,0.148082521128435
2.0912422695394,7,1,0.401654694156471,0.450322690233194,0.610814783895322,0.692804071384775,0.0941283901338675,0.543373827003478,0.189738150972598
-1.23958300331958,9,1,-0.200949403820143,0.525159728492392,0.0268822925519971,0.299754739130447,0.201703615374804,0.16972077487357,0.181724157383938
-0.844079551745953,9,1,-0.241066051388731,0.806683560374309,0.0668129539190579,0.480139260362765,0.217360907560583,0.353956563147048,0.288788463706719
-0.348954356182129,9,1,-0.215677815178332,0.92195605656806,0.445579490171011,0.567429346566299,0.166977117744514,0.264069959471631,0.16984402640156
0.127127562629241,9,1,0.0955381602917674,1.26015391073225,0.225967186844498,0.711923252801142,0.315675452403541,0.5433835657163,0.490629666914576
-0.235893041400113,12,1,0.0624429546426403,0.350185234553448,0.404315316381514,0.21535680480219,-0.0227130239136689,0.109933517432598,0.109040969228679
0.63543186632247,12,1,0.196875996338969,0.635035107490015,0.528865932113084,0.372247858756911,0.06311947477646,0.395105691653089,0.14522696976452
1.35256632929883,12,1,0.0780136637565299,0.594449899322262,0.348133857751453,0.36117850323861,0.0616431530734277,0.43772877063768,0.104094921864596
2.37850184592157,12,1,0.0212712123472203,0.54528715890867,0.428609788961888,0.471275638893582,0.166735393998068,0.402347241851919,0.178733786892902
-1.14068965883797,15,1,-0.144225362266792,-0.00670737927538797,-0.00290531628283534,0.0752898775396686,-0.0752358946763018,0.00380870246426568,-0.0252234112721616
-0.176552598207247,15,1,-0.104950313554658,0.370575236945929,0.133357938636538,0.267080154533916,-0.0311919591281704,0.107198929880031,0.00314093122560353
0.925533547984703,15,1,-0.0406806351143778,0.481472123961325,0.21833102078952,0.322112048383554,0.00903620007121548,0.267132031047807,0.0221301707093772
2.1755882839081,15,1,0.21459182065063,0.647525055366054,0.0900090094612599,0.358453370470868,0.203302862530426,0.0957496972598674,0.0831074744960153
-1.15223676201242,16,1,-0.336057117191703,0.314395380937261,0.176654983389269,0.132762969206156,-0.00891778985107718,-0.069870618756309,-0.0816985163691156
-0.652125632691128,16,1,-0.0503957911850225,0.51559068466696,0.0781358398556349,0.227510011540639,0.048188052775087,0.0441605563403824,0.0308118214374095
0.164328382331711,16,1,0.219566318460663,0.834924781295816,0.229237208092166,0.332126340518517,0.17572375453734,0.0751480319059304,0.104611305365089
0.828628734161528,16,1,-0.0303444071132738,0.928279244867584,0.210650220422319,0.52599988772642,0.230839904950474,0.149560129352118,0.245692499246632
-1.4795302882963,17,1,-0.282568709340198,0.308796799609649,0.141721591884742,0.386163699214817,0.132005353437353,0.960057721844012,-0.0288352154450768
-0.893797188603953,17,1,-0.391489484870977,0.255262531750052,0.202127375089706,0.186720112973367,-0.0556576098236179,0.34516763206347,-0.111791371519972
-0.281941601392278,17,1,0.313048166266668,0.782175505687123,0.368286618911841,0.48532149709184,6.7696358561067e-06,0.210476995793366,-0.00471757360429988
0.312740896228749,17,1,1.15522942498198,1.18936262348465,0.537513914420969,0.725534600258684,0.125062039244114,0.472070585807987,0.208653897221998
-1.61742736132999,18,1,0.18348778216955,0.330749448215401,0.271071621015179,0.326983109674807,0.0261496909211923,0.187043996523321,0.013933334407582
-1.25129566741763,18,1,0.137046507729436,0.317663898707025,0.269008469012206,0.284726853120717,0.0513913052434176,0.319636962108705,0.121533678121318
-0.708414657672263,18,1,0.270569634287402,0.344663612592179,0.438475598099533,0.379317028996992,0.0720524326675571,0.494323224837949,0.215942053203434
-0.247371760714819,18,1,0.329582971725564,0.231955606687222,0.198846390163318,0.238500389715525,0.130664045065972,0.282041589881551,0.093440955927166
-1.37660687014916,19,1,-0.0536487739843204,0.488601658069849,0.0993002421079127,0.667883746625934,0.173214415250619,0.359855774188159,0.0978472470799138
-0.860544710466306,19,1,0.223936029574352,0.589517581228378,0.217745955411115,0.745788932876252,0.0446543182944237,0.23683359983759,0.108093228518252
0.0157908236625634,19,1,0.54066957826336,0.689332465354191,0.233804813214876,1.05730724857359,0.0654935206364645,0.177864622724098,0.106878727512307
0.872251123931686,19,1,0.345044562363265,0.833861755080956,0.216259446617025,0.883260333829944,0.0944079931270946,0.270846227733899,0.209597218821804
-1.2034269655946,20,1,0.211239082119109,0.700095482554594,0.381290367029457,0.421747539994107,-0.0932355716231078,0.565200838557759,0.00375204760536412
-0.926819305911791,20,1,0.367247656244517,0.810242913547762,0.398375571711547,0.575173374548229,0.0117724880401555,0.77341099228423,0.0780197253882352
-0.56042330151462,20,1,0.512365703204475,1.493115157583,0.568446706804546,0.982200606857635,0.088153242248703,1.16879302632099,0.122302007009486
-0.168788048640405,20,1,0.446648434496237,1.49389745134994,0.573696996012866,1.16926276932932,0.0635647261435935,1.3560292124013,0.236561124869968
-1.41571000449551,22,1,-0.0697610713548587,0.485041105978412,0.161061916377405,0.429288190172822,-0.0556669132873946,0.712070578751235,0.172417908931553
-0.794035591908107,22,1,0.0489054961521558,0.591170115585161,0.22355990162536,0.363294696353351,0.21029777856589,0.455546119457379,0.220065910151488
0.173024677846574,22,1,-0.119233998670364,0.514059833898311,0.136079539984216,0.407607381132375,0.235120610380997,0.515410543492095,0.277067449560935
0.783456310237101,22,1,-0.372996404643409,0.669212703521726,-0.0420975136099071,0.320465049451011,0.302706748904411,0.248118423483092,0.355577365768031
-0.56374480327377,23,1,-0.204460705739646,0.487782755296043,0.859261660585932,0.537824626538009,-0.046220771603232,0.554984883508191,0.418631612814404
0.00688919894804384,23,1,0.184588032465537,0.309099097073404,0.859359698490519,0.402115433584477,-0.0620023499205667,0.427783548930349,0.090255723547884
0.454647766395033,23,1,0.0119124686464524,0.613687456453566,0.915608603572203,0.736277205417182,-0.00252911671481333,0.316616762715389,0.281516539983052
0.796225639222274,23,1,0.341913718528485,0.729726982543788,1.07003850109663,0.834042451267575,0.0428217156722838,0.458476739696646,0.371456944689883
-1.52982731493485,25,1,0.0304428973525883,-0.162659212895377,0.155186178837949,-0.171046172880689,-0.134648616718878,-0.0473517539542582,-0.224286506692728
-0.764402586017659,25,1,-0.0377346102393912,0.42095798489902,0.0270083646268166,0.207450404578569,-0.0372553055339073,-0.0260069889409874,-0.0133595171222568
0.406133710397764,25,1,0.128692741518684,0.976658752501658,0.132086597269047,0.478504932756146,0.0390968627024373,0.0892064730450938,0.0347803195736446
1.12092088896665,25,1,0.454924519188627,1.02674880988566,0.476796311294497,0.63387732116403,0.017197269037823,0.205071425244652,-0.0361145351160975
-0.94986494934523,28,2,0.217360059692654,0.223421729757885,0.104216499783576,0.026920324480985,-0.0619683051902168,-0.246383380065135,-0.0567356487225895
-0.249483543272223,28,2,0.153727999012751,0.0816953454307199,-0.0902195117182359,-0.102514416726801,-0.184725452924127,-0.246492296737275,-0.0210535609387938
0.696202691674418,28,2,0.764104090921108,0.291511623865023,0.0125020397425449,-0.0166198713344725,-0.168023922851931,-0.545267106960612,-0.039534773715161
1.34993191323479,28,2,0.582103989839961,0.725725736388871,0.449303168246712,0.558668944826732,0.0279624191868217,-0.0778529170331737,0.0174634483001465
-0.729689510190089,29,2,0.0486775333208032,0.146092320878034,0.156407526418685,0.00122344789408275,-0.0992416338248306,0.548371484409243,-0.0484888381672062
-0.160110590895031,29,2,-0.24308146233706,0.547506573002067,0.135946600690041,0.388595924106152,0.0312697531192398,0.407243280626926,-0.00144349037073957
0.496411932290921,29,2,0.132168223319782,0.512743969899856,0.217819897189748,0.455616527021351,0.0487252071947208,0.614838442047843,-0.0874204590208402
1.26001101779088,29,2,0.232355224390355,0.868732280669775,0.137251397377716,0.960676186301407,0.0890193692884265,0.330991009479843,0.22304434842332
-1.43263324961277,30,2,0.152092244469267,0.218563819537268,0.268809481791403,0.0942516786524443,0.107327607790905,0.543248697361095,0.000598026595679577
-0.869129838790193,30,2,0.392142928169083,0.330503878184901,0.127627843037563,0.257031664594299,0.130620891743049,0.201209597603444,0.171660271624982
0.129573186670644,30,2,0.450556641470183,0.356871832297778,0.185600864897795,0.237445120059936,0.0860461376985802,0.0138322367739209,-0.0101342325258853
1.03862271668631,30,2,0.294836029035694,0.402061538698074,0.256656205133049,0.303014272296101,0.137085013410378,0.274997960182835,0.211686389557262
-1.26018512803108,31,2,-0.0143764793935648,0.215626296258122,0.306828040006967,0.556526809493571,0.0118896383491464,0.600845802549545,0.109781250598839
-0.641587901742144,31,2,0.0348471582474092,0.351186312659416,-0.0258075301600462,0.258818370548624,0.00861456572081949,0.139544755146712,0.0547236107065893
0.311024033542664,31,2,0.166875669364421,0.610400624750792,0.0969789573887697,0.333728683961992,0.0145494243451221,0.0449098353718879,-0.0140320474015621
1.29509408706003,31,2,0.260662745313612,0.994580045453336,0.255865946028157,0.469031697205318,0.218870357011866,0.407795019931576,0.104266175827305
-1.56877650349305,32,2,-0.363292520819603,0.168644691329038,0.0117627371769157,0.0549809746421416,-0.171203686887252,-0.00224540070085131,-0.11831183932721
-0.827223648643424,32,2,0.0286304247323688,0.123553388490778,-0.00210372479098974,0.0204628550039614,0.0792627497715018,0.0237997823252892,-0.0435954696123351
0.384462424626098,32,2,0.0349730597147919,0.0374703441115668,0.0339829751056904,-0.0223710928586202,0.119543078158512,-0.0178445943765573,-0.0900077752069953
1.20595267082889,32,2,0.304672003361144,0.307882892553707,0.0898690464001356,0.0958960335266607,0.132615919724752,0.0235010381446907,0.0627977379932414
-1.47931093665744,34,2,0.00594961203202943,0.212786432259823,0.033017728700414,0.0299326936896354,-0.12025290751029,0.237165573446279,-0.00853237265470369
-0.737098666863846,34,2,0.133954426723097,0.298678240282913,-0.00653714723292239,0.0642142309615102,-0.0324099248020939,0.110981488677755,-0.0471134415363115
0.313890207308564,34,2,0.110033323553356,0.255917939664004,0.165108384939635,0.0906163650262933,-0.0103873624862739,0.187902650631702,0.0509390990025765
1.35733100311958,34,2,0.218406481767873,0.819657626080534,0.122095262425409,0.570256918077492,0.0738890154440331,0.233006014133169,0.087483474672092
-1.53895464788118,35,2,-0.0712923446504003,0.0329446609326157,0.0104572545283809,0.117809002137615,0.124440182124283,-0.452634251522158,0.14454389928599
-0.899729655852809,35,2,-0.0796243219308684,0.294905968554623,0.0728342626213741,0.197588028415728,0.116298682787751,-0.100228079821877,0.146990241620672
-0.00295227444918348,35,2,-0.223458180408734,-0.107994223080104,0.0930883525974393,0.378838889123414,0.124575348153876,-0.124371240840845,0.198181569586545
1.10697868626195,35,2,0.166042297891999,0.827298540527592,0.286022333678425,0.461419842201183,0.0639173967308473,0.542784360608508,0.118120473981979
-1.52876705745477,36,2,0.629445273069956,0.265110415341632,0.269765947240214,0.267267522920451,0.0859325340803458,0.121641640354002,0.0716967992221037
-0.851414155227626,36,2,0.870050488112861,0.166431416878865,0.385434090606631,0.156001718751177,-0.0197950495930148,0.222128933533497,0.0504852191037974
0.315186809726472,36,2,0.626273092643605,0.272519496185815,0.17922470470215,0.125174857773187,0.0939694438872108,0.143845966584032,0.0939022902473308
1.46865559550057,36,2,0.535848251691822,0.294673531406662,0.130479763222545,0.331583281727512,0.399355301048079,0.354120906222027,0.343827953584787
-1.48255244270221,37,2,0.0322247628895899,0.241655065247463,-0.0103875554099217,0.141775548545644,-0.100788747009615,0.189486834711363,-0.0476096324671001
-0.93049449504134,37,2,0.17399051912417,0.316268831695072,0.0668579687843604,0.310449627504433,-0.19109855592642,-0.199467710409427,0.0125111117778719
0.389292624842259,37,2,0.16124145752389,0.612121101632616,0.0435113788868621,0.367682494672847,-0.017864157313227,-0.141445564206525,-0.00438040291605723
1.2236474802968,37,2,0.405368615926964,0.898024457822675,0.131574754682066,0.526690790843334,-0.063501172055913,0.278940212887557,0.115658092492827
-1.00397649025257,38,2,-0.45113627197428,0.160312699800146,0.0252865004294364,0.0641604922481808,-0.0115286356551512,0.0215871705653161,-0.0385645086913268
-0.108431723095577,38,2,-0.0207078982137615,0.262859924260219,0.194162547195232,0.476760658604703,-0.0223003447335552,0.458116382371731,0.130733129380802
0.643227221457057,38,2,0.075428335416316,0.410167542796546,0.225136724230234,0.35121718211147,0.153300978822644,0.341730130623988,0.122042474125072
1.42032427058959,38,2,-0.046604203303565,0.318998445528981,0.0541535424945822,0.390978563481802,0.194918352154314,0.445590446130584,0.104326923328187
-1.45856529797092,39,2,0.387503106000267,0.145470563058932,0.334563506821034,0.0252503093356637,0.0996263376900076,0.292923914065816,0.072238793252396
-0.839437643420113,39,2,0.0208563648524587,0.235974649837921,-0.0247751773619787,0.00440525081043885,-0.0435097524281514,0.125325680085216,0.054249993686825
0.29055136378623,39,2,0.373917821433604,0.493206238719023,0.247070380556829,0.169091154826314,0.139914888898797,0.202113138131425,0.151523588494518
1.05184221201475,39,2,0.260660718142199,0.43692408379303,0.28704687610192,0.0754051142062265,0.0754328123103539,0.180600344003398,0.111231862302156
-1.26848338350569,40,2,0.203014884164186,0.267553365118304,0.0730209114119739,0.148408698677452,0.241284647278497,0.962620381650094,-0.211108457590752
-0.600214497316188,40,2,-0.00246795563781601,0.109382992680436,-0.132959876431014,-0.122130200198547,-0.00466570749948446,-0.1868449876591,-0.142480905558833
0.325559629069731,40,2,0.19410756657408,-0.0230081846124861,0.151959668862605,0.0989767907886007,0.0742339928231029,0.234554900006019,-0.0235985692636486
1.15846460727303,40,2,0.224280334910535,0.236548084325249,0.170775474112088,-0.0397081298906173,-0.06453446707409,0.224414978365228,-0.0653763265225045
-1.42251975075309,41,2,0.0235537622847005,0.0513529679673644,0.0485556418941825,-0.0915556930987621,-0.117714154495955,0.0773627328102384,0.0124522267087042
-0.687735160524941,41,2,-0.00121181186514293,0.112566285985173,0.182356990134112,0.223834746936034,0.0688182793711835,0.175491944979256,0.0902007627484013
0.375015749867058,41,2,-0.250860002481422,0.0100765468039309,0.0789280466781301,-0.0494742031316753,-0.0215771683240311,-0.246625656894409,0.0176718399796921
1.37601231427233,41,2,0.293122421737948,0.309953324513031,0.660071320600672,0.287851022174064,-0.0237872274974083,0.296461047334949,0.0385793402618923
-1.31841436388983,42,2,-0.28031119005998,0.354335156582885,0.0696952540423665,0.228450367139839,-0.0210235597224386,-0.233365875411747,-0.0511784724192044
-0.577080380491418,42,2,-0.161610607546688,0.335197207377719,0.021976254012686,0.10375190768952,-0.106508334306559,-0.166293487155607,-0.182822017994272
0.256098785253261,42,2,-0.428288609007535,0.462447328081121,-0.130570739843645,0.292550739307934,0.0765845611022695,0.0922106796756,-0.139442344021108
1.35262433634258,42,2,0.545945384195491,1.04092428027996,0.437335772499974,0.648521474136199,0.107832677200393,0.000939857473741784,0.100318269679717
-1.30081200379218,43,2,-0.151451613961896,0.224014709966593,-0.131721361570873,-0.162226588553591,-0.00943843143836721,-0.2615081179345,-0.00087397239231073
-0.581993821232962,43,2,0.215995394506949,0.212141278640408,0.117127032581233,0.139324842013272,0.095730456848545,0.243500099252337,0.0665998426425255
0.400381215656038,43,2,-0.14032678055061,0.150048972597584,-0.0901641280213768,-0.123522265903851,-0.075410716796877,-0.14804358921728,-0.00218302599410023
1.22350667279441,43,2,-0.231302235199424,0.0489248718397994,0.103493771945236,-0.109393239942157,-0.276475507441913,-0.0148900402274727,-0.0594558669031836
-1.44673380090751,44,2,-0.0232475749198463,0.0317769765120903,0.0401479399543913,0.0460497296261755,-0.1246024574987,0.189278204749193,-0.154097344448455
-0.912955000515465,44,2,-0.0101267630010676,-0.326156004244602,0.0754225565863105,-0.24175420061426,-0.261796423190563,0.0153804445041072,-0.258231402578803
0.33398754478613,44,2,0.0876782804934373,0.149823243418784,0.19383258834654,0.0751466728158484,-0.137349939649238,-0.137403041019862,-0.0593442709027677
0.892499036299764,44,2,0.0510616235230342,0.567655415694393,0.234762291082867,0.382247665276791,-0.128089654750042,0.202537564655532,0.0018973935846417
-1.2697321131604,45,3,0.158182269739881,0.336097561187596,0.186993321441014,0.487342707521404,0.298132042222631,-0.0742177111522009,-0.054861326799432
-0.469381853100821,45,3,0.0178508082058578,0.667514700241091,-0.0083674538424695,0.680074375237143,0.307590642579905,0.21682633999457,0.282766901332078
0.182637068843243,45,3,0.13156816034535,0.657473082360262,-0.125013719687487,0.62431476565432,0.365001886869398,0.101875203760426,0.240653649816921
0.942509354857075,45,3,0.0271575501959418,0.610087623935138,-0.0397129991084325,0.721430409861333,0.158183370664858,0.145558564641947,0.200937131211881
-1.53546073255203,46,3,0.517727836058956,0.48265525422204,0.8100593889253,0.696190148204385,0.063152415473368,0.356174390529387,0.122523677703444
-0.731168711284935,46,3,0.68930222598272,0.5328680949547,1.3039858153873,0.847420338983634,-0.0646547648621855,0.769865873991575,0.072058514819176
0.179091435289012,46,3,0.892567623702002,0.558631545351818,0.850744581390612,0.903660308124266,-0.00218726741881376,0.53630075594251,0.0260843605613447
0.831755289007362,46,3,1.24480350312817,0.596468549826191,1.42747693220446,1.27371875076571,-0.00177935045812537,0.714725795352484,0.135044165771605
-1.22999696217131,47,3,0.380242615084282,0.271030728227885,-0.0630692648416895,0.261211160898198,0.0377305961945424,-0.112720091102354,0.09615681543847
-0.658028888242601,47,3,0.445355821492727,0.814990808183631,0.240219322020709,0.607213851541268,-0.198252815238904,0.500329288438831,0.268321479753537
0.248450542554802,47,3,0.518298414108451,0.353532944648157,0.114005964416702,0.375452523754948,-0.0157393198586714,0.00214020839015427,0.0607968872652777
0.857313919631755,47,3,0.519287054335146,0.849782753251084,0.257101242104714,0.594497876483402,0.038865746862399,0.100958922241693,0.0181277914123097
-1.72808355467262,48,3,0.228243883496403,0.481232594346982,0.320557787209103,0.650504016601428,0.00964750506412687,0.574257836776814,0.0199045973418251
-1.12489987332166,48,3,0.328318381976407,0.462645722836499,0.017092702119988,0.314091530761617,-0.0680314654881224,-0.0827226863517105,-0.0633077253080321
-0.485563694092426,48,3,-0.133758420564426,0.477998844833114,-0.0480021737182561,0.499642710881279,-0.0453598631675641,0.00871832698647102,0.2006525490504
0.252741868168345,48,3,0.256231416083631,0.154589367463195,-0.0474873841744538,0.203492241045909,-0.102612395329542,-0.108873825374488,-0.113343699770007
-0.197689553270188,49,3,-0.0910821370210917,0.836232224534669,0.0982484736444082,0.581348658925802,0.17369624770876,0.307119607617374,0.179266838788138
0.511151414460241,49,3,-0.0782765916054919,0.542946257162313,-0.176057324796652,0.449074473890694,0.0680531798651934,0.151888652774215,0.125389211241424
1.32345465809509,49,3,0.148489170940329,0.612602638078789,0.0231172479200799,0.52578341915617,0.199215917519798,0.0558644484318503,0.172467940635164
1.96864104142443,49,3,-0.0492576517011057,1.37235198734446,0.238531868311096,0.731511426340254,0.24463567781928,0.226318059980942,0.124687715839478
0.0702703751692762,50,3,0.0911521524943298,0.424432025554352,-0.236540460298389,-0.379333374114378,0.193083503249922,-0.52155246109778,0.0217234020256888
0.609154908308772,50,3,0.16326765281107,0.34013319553044,0.121036542705294,0.632498465045021,0.278523516026317,0.0326828349263578,0.17229226313404
1.28501969882154,50,3,0.156587141737292,0.380401115395551,0.0531679418783989,0.189352052647611,0.161380094785963,-0.169606717623217,0.0950996547609249
2.19247930444383,50,3,0.346438341339679,0.431123371730315,0.0299056231445842,0.150559652246802,0.27362533700871,-0.0748106956889406,0.0196377821364015
-1.41456435304344,51,3,-0.501566371036281,0.476898319456171,0.192207988689283,0.403855941797058,0.0388958187204786,0.340313072415955,0.125217290809426
-0.876721866375906,51,3,-0.330025442425761,0.606496817417592,0.209279496671512,0.495735967226807,-0.013424751228587,0.42738144217304,0.125212492800496
-0.249545174797426,51,3,-0.472227380279883,0.676188604298369,-0.0427126984248434,0.489724433856904,0.151242482764671,0.30031081036478,0.235304104943972
0.295402693508277,51,3,-0.281353949441823,0.326248051183109,-0.00973920532397215,0.481404480228779,0.10423410603623,0.26794724616459,0.0683890733657597
-1.63130154025665,52,3,-0.0639541594581242,0.0354788048052758,-0.0421362773007613,0.0192721092340078,0.113817868984356,0.114724287103761,0.157750589554218
-1.29519864055478,52,3,0.0703909922161179,0.183654615995179,0.178569287224045,0.062918878512855,-0.0974975947550717,0.178941680998757,0.0568251436412238
-0.787525949785087,52,3,-0.0980782663504909,0.350489184171553,0.174007556968079,0.251475787192866,-0.0522734396383691,0.303681898156226,0.125537817656798
-0.402442582566641,52,3,0.417234702535263,0.450684825871281,0.0822006998085101,0.0939599254426034,-0.10095893726527,-0.0853292454030507,0.0821084243277096
-0.907651513623179,53,3,-0.0233012452418077,0.911801337905086,0.152743960514156,-0.201557702064718,-0.030014958050875,0.0662478728194486,-0.0270229737423273
-0.0530601596655469,53,3,0.141347214774598,0.886467789147748,0.360150979212833,0.403707993458173,0.0321282747849549,0.209624066084666,0.0603652337380575
0.870222318939299,53,3,0.314249040727479,0.749762524292363,0.434296283943373,0.342321790053249,0.0791115792809452,0.147293236384747,0.0318950142089353
1.75186598949761,53,3,0.196521671248632,1.08554333953342,0.572153831553637,0.648799500764438,-0.0666027751884514,0.239813731867095,0.0144944899809609
-1.86894000757848,54,3,-0.290577204015187,0.0110753017205244,-0.0368105304532146,0.122437923483075,-0.111507055944215,0.195161809245861,0.00378497373844734
-1.74249204581703,54,3,0.0354334090437532,0.00933049430903962,0.0128809972767635,0.00950812120280258,-0.0499375310249824,0.0458418203545782,0.0107596383529996
-1.58041146699417,54,3,0.103105311243379,-0.0529470815185498,0.219402616442382,0.230540446054958,-0.292004723353538,0.302446424875786,0.0526627139055094
-1.38900572239065,54,3,0.212318657096957,0.06340672613646,0.182195816070827,0.0198617711648847,-0.0387339234022208,0.212836041071892,0.0655566083176168
-0.577214932543155,55,3,0.539132376713864,0.747258419303394,0.0256379485419412,0.734531359943688,0.142728158059169,0.299089987857531,0.527279313802084
-0.0881883614695767,55,3,0.529214279656721,0.681716543349734,0.145803650326922,0.827300462201398,-0.00356238704733195,0.598314212312196,0.569151731323628
0.485552020466723,55,3,0.500011144819045,0.891227889569622,-0.012619375961788,0.750287258926125,0.0339706017772915,0.550109773710113,0.429532244541782
0.922062450380279,55,3,0.761545136729531,1.38709819007117,0.0408220392069917,0.874037444415616,0.248026863578975,0.760663468294698,0.336249814777984
-1.11922017759567,56,3,-0.314513351180287,0.933131622580137,0.428462649978063,1.00118926604123,0.375219399491417,1.11641879099871,0.301598107478858
-0.593280357471358,56,3,-0.150211525415596,0.863194634302453,0.641916944656783,0.948998243463661,0.350462551686306,1.11674923225674,0.435072845981827
0.326451696583317,56,3,-0.111974402820156,1.00992931426795,0.556609822459062,1.09767693816989,0.349610226397595,1.12330740405585,0.545893624874715
0.925145713773057,56,3,-0.171150028386443,1.03185393586803,0.738523201116237,1.11430464687187,0.359814080026343,1.23102725914461,0.470909492817097
0.287451119644789,57,3,0.204184372042735,-0.395834393707041,-0.032478075764007,-0.532897169501269,-0.0765330257689969,-0.19325876279278,0.070140778126174
0.813880952640777,57,3,0.0155104457623756,-0.0535419541981662,-0.0629208263950006,-0.108751618573572,-0.0801127278118065,0.0245046839647808,0.106744501209843
1.28767257532966,57,3,-0.154919454822418,0.0628668283845844,-0.244537775950406,-0.0753275580121458,0.0539376121705996,0.107300758559158,-0.16273838345059
1.61176682927358,57,3,0.0999729469673463,0.0805606630530559,-0.0115551672497823,0.0314412889837165,-0.119802294662544,0.123305087714719,0.069260391095104
-0.61630894173944,58,3,-0.214313714941246,0.133541816515473,0.404565895262589,0.469150846529406,0.20171806053848,0.532434677451242,0.266069441443674
-0.0246292258843688,58,3,-0.191002523237632,0.185536578379068,0.39728856563043,0.447788723212901,0.117222294441974,0.538956430642532,0.272395271075766
0.745613237901357,58,3,0.0617820934615943,0.400947689889699,0.504325332282242,0.509389087270342,0.146636393943548,0.205546538578187,0.141445784228563
1.40483658330104,58,3,0.0753487685574685,0.441242846464336,0.302941441014649,0.658902060851424,0.178480066572979,0.0598120901524579,0.20611769834545
-0.738842843942047,59,3,0.335689625460227,-0.105453994206401,-0.114930140474355,0.337346391475885,0.0338961466044177,-0.0192297521793183,0.213786396497346
-0.0493926989929159,59,3,0.366194590093498,-0.102916284384828,0.0508107527723644,0.212674784476365,0.068939889119973,0.0166772308345058,0.287565779344427
1.28524491107285,59,3,0.481002753054671,0.056334842706727,-0.106512064543979,0.286024343784826,0.160607657678112,0.00494902637699722,0.175078102044385
2.04457077695213,59,3,0.196768049703293,0.000182048430009872,-0.409691007216948,0.306869604800887,0.0841699532458295,-0.106791997526029,0.0570307974783858
-1.29869856113701,60,3,-0.209030010169773,0.742633522302876,0.0462840037735842,0.606486705780344,0.0185982185934903,0.291815582333566,0.143786240681266
-0.682813014853603,60,3,-0.0136724734844888,0.613804114796176,0.0199115983090289,0.451690544232737,0.119128985818107,0.219149501542774,0.175284695657508
-0.0853025749403882,60,3,-0.065295309643538,0.595279313974263,-0.025382180662507,0.553287073623605,0.037081261384482,0.147134712530774,0.217408108160634
0.286474610486945,60,3,0.0291122681782744,0.838140681334345,0.013107018297408,0.511235645123317,-0.0417058082860119,0.0549311126562472,0.174973273891103
-1.43869405885361,61,4,-0.668321057811871,-0.204757387121895,-0.37078601197374,-0.0730333593726819,0.0985726951656487,-0.169467491249723,-0.0543879771767082
-0.0275158174879892,61,4,-0.860206301893645,-0.196799564581149,-0.498564267025664,-0.171794151125226,0.168193439533537,-0.176041249499004,0.0901425482152503
0.971110177576217,61,4,-0.778719317255702,0.44699406535398,-0.655079699932879,0.175002053864877,0.174802340758804,0.265367565916915,0.304925709272618
1.98494367510333,61,4,0.162759083236635,0.11045752242854,-0.498399040817099,-0.0771810569895369,0.276437415526259,0.38008507465961,0.313869916661091
-1.58881940367974,63,4,-0.545910081825315,0.108802699478992,-0.57426537499181,0.130334684300576,0.00481900405222679,-0.501860124359323,-0.0563307638177267
-1.31846380433918,63,4,0.00041316846267811,0.19642800854952,-0.335854252612472,0.334822468840325,0.251221809208549,0.0122366222233683,0.243469954285401
-0.801891498456318,63,4,0.136343514145204,0.00598601466215422,-0.206681816958887,0.2721585994537,0.30493925289686,-0.167314439105156,0.221209830595036
-0.321527531770852,63,4,0.326922509110223,0.84509630408565,0.0635740804744107,0.723068405094476,0.180413651131765,0.0531650635274306,0.296031747986692
-0.828444280534409,64,4,-0.181752907403672,-0.138461234389063,-0.106173516453701,0.0119188028504266,0.0984758792404794,0.265431924777106,0.133479867427881
-0.0962311989870491,64,4,-0.0555700882490795,0.121141987685294,0.118862244974075,0.673486970133349,0.113610765939379,0.379688322940854,0.177377392165758
0.846915574129146,64,4,0.0504121313377382,0.630653221909402,0.306484635162585,1.2737919724851,0.162486859763527,0.301676093606237,0.222270643803244
1.49876442969828,64,4,-0.0373398823034703,0.581654829680845,0.307897206589549,1.45681510561532,0.209555827470113,0.379665078936424,0.186508271666661
-1.48381522000729,67,4,0.199336037439825,0.0216171037563565,0.154227863376885,0.0320152379889364,0.126020485849102,-0.083142126612929,0.0300144243506047
-0.721724965005239,67,4,-0.0886211034563836,0.498059375330622,0.320724035975722,0.344396490679666,0.249789697111147,0.304488428214064,0.207674253922076
-0.0286422991519082,67,4,-0.0195838079742255,0.556680245277285,0.0336942250373493,0.373686457121785,0.424534406086399,0.0723428875064579,0.218211806963443
0.641614290879906,67,4,0.167340392661466,0.642052397164782,0.236743355919289,0.279780681760548,0.177629321825788,0.0959175095493766,0.0919399037091378
-1.3932943720138,70,4,0.285040698511176,-0.0137913146937279,-0.0336164373605916,-0.0291494322454469,0.202347796067811,0.154614156393124,0.200830675349759
-0.580618314472225,70,4,0.806422993650905,0.00643967775915977,0.355779335940657,0.0360295700350273,0.230941012089074,0.433381533437596,0.473453752994635
0.204398595071338,70,4,0.311980191088096,0.29247575557566,0.0339324300668486,0.157558228503098,0.245693357044505,0.100919926450381,0.193856784696205
0.838748582065733,70,4,0.344520237226902,0.219870916976386,-0.400904325656976,0.0138630763345867,0.256608666406427,-0.0640689069067542,0.181556124163363
-1.1832860046689,73,4,-0.120211294502789,-0.0185817230959915,0.291997640770199,0.175869678768377,-0.0259088926926684,0.463017463842589,0.118696593166817
-0.748182461980179,73,4,-0.121654070767559,0.0968337824949377,-0.0667942666085469,-0.0872393007312805,0.0950054589864881,0.0856948061590922,0.117919609102863
-0.0922080501873383,73,4,0.285757124218215,0.199432175389087,0.170399259385487,0.163336772556501,0.0532882997527864,0.363842107912832,0.15274115439416
0.371258691539342,73,4,-0.0223329589968378,0.195975322294719,0.0724474006838725,0.308625470771149,0.111433406115227,0.288076864070686,0.200765889578332
-1.22130476082617,74,4,0.305335839251062,0.480771715811786,0.497726640399748,0.410815567165144,0.0129765707504582,0.708542374388202,0.378684615103354
-0.652973098270101,74,4,0.509770293668739,0.539279983255391,0.158756967979601,0.239553371930409,0.117690489272814,0.447400548872955,0.377099446840789
0.281944788185763,74,4,-0.110938937513256,0.569261806637117,0.174584001242882,-0.112909157002315,0.093049296371578,0.407369320671619,0.430284254763211
0.966885871336521,74,4,0.120772927060131,0.705412949327707,0.298791481054749,-0.0888956066463577,0.0973414353921608,0.537410293196601,0.273273981062228
-1.00139234775962,76,4,0.249420588504353,-0.0354152977121147,0.214074406124581,0.157877003655978,0.245601709481706,-0.0896759493669481,0.198896767262474
-0.207471263299052,76,4,0.122670425745913,0.289464002780228,0.443400827800247,0.287425784015569,0.326107155769753,0.445166396808978,0.550489144640298
0.82627682078663,76,4,0.282896238830463,0.405982057544982,0.303672750009282,0.256437886403814,0.403911003894915,0.376949695646557,0.611230684706829
1.30060606427253,76,4,0.211762642800005,0.372035718494472,0.68608441161114,0.271805123671275,0.39188391060137,0.360371660952584,0.460949391413217
-1.58881940367974,77,4,-0.0794612329192248,-0.221470114243621,-0.413734158508422,-0.0745595884993787,0.0230444423503274,-0.247327290745127,0.0860718166606346
-0.859639157381397,77,4,0.366068108920038,0.403350729623331,0.07460317344447,0.261531284525654,0.226934411030348,0.471945104258701,0.228270171804171
-0.0444130424467744,77,4,0.16834333722934,0.740044305805624,0.300599511405042,0.657150602915198,0.207979412901832,0.806582364286091,0.389298145960002
1.14853103964346,77,4,0.698632490847833,0.899770522110161,0.336506083537944,0.814810936053806,0.0150732454541868,1.26959450898435,0.129317189624389
-1.4207364817213,78,4,-0.0745129052559464,0.157575690719396,0.100504868641865,0.375470445512849,0.190987751129899,0.270210933654045,0.0746899287622519
-0.767080674105136,78,4,-0.252233077164357,0.263501992859846,-0.00344277813088581,0.29833118360147,0.154205030102202,-0.169346442499054,0.0363659879202274
-0.140938440023835,78,4,-0.391791789164085,0.208310776242747,0.0971201171419487,0.450870260277084,0.2119361456773,0.0824827898142874,0.166618304817221
0.523333716168409,78,4,-0.018794227896922,0.652172513652831,0.0318413096361217,0.486807285113689,0.240320755442356,0.381722175580193,0.295874934400815
-1.47476313520794,82,4,0.0967629215772096,0.687541971471372,0.244995822740748,0.609252415486639,0.16526729211025,1.06881118975697,0.36662676775598
-0.597025764794524,82,4,0.198662173202513,-0.0354565987184375,0.0981350423038549,0.0591330440944933,0.105324633442746,-0.394602199737021,0.024976394436569
0.314068083986531,82,4,0.181230740113939,0.130244249757512,0.0537734214141988,0.157149303209831,0.122035051671919,-0.12172401181535,0.00763784505841434
1.23864957275698,82,4,0.321448052963051,0.537700666079423,0.210076045064235,0.45610008681109,0.2921132346659,0.230140894493873,0.355110442127547
-1.08914432275567,84,4,-0.0642890444934142,0.479727308892825,0.0640167412353393,0.48277387691305,0.113083239542272,0.321287865734677,0.105574342361967
-0.25562835443159,84,4,-0.144256695809768,0.51567469228905,0.049516208405098,0.679233664969554,0.0997195844920288,0.218052835347159,0.108242223288775
0.653541743791989,84,4,0.0670116775000339,0.900644002841403,0.339967380209223,0.962373129893302,0.114082127216277,0.563512855026269,0.142835651537547
1.37981180626683,84,4,0.18845666507182,1.07036594113836,0.398300677563541,1.01643697017153,0.067529543389756,0.494317613339179,0.125003521701846
-1.20356267461944,85,4,-0.136993525969947,0.0999294871124364,0.023312147070577,-0.372027018201221,0.0670023531124981,-0.0487554114860334,-0.00667459344199301
-0.203246957059355,85,4,-0.134020135093464,-0.00728815316947239,-0.0812806781746928,-0.20775891573752,0.00301419431031553,0.0788730586157917,0.0122336883478708
1.10678495445117,85,4,0.236664770481018,0.74425521185143,0.0704716217495771,0.331692849117886,0.42898802054907,0.148295823327104,0.211955416027769
1.91453857110839,85,4,-0.249459773869449,0.979589493555627,0.260467534532495,0.0267994628765487,0.378979629011023,0.279119785365954,0.106032496447409
-0.0984841623148871,87,4,0.420015111295379,0.592663392575975,0.265510044088224,0.619717665864866,0.17683712606365,-0.127817312168017,0.0765957408831534
0.38477647150637,87,4,0.10588912618537,0.230063287595838,0.130101698842918,-0.14564445053605,-0.00324679219489498,-0.72378168314102,0.122825570299869
0.980326845735555,87,4,0.268725613495649,0.261490287359013,0.113744253828397,0.186821889221365,0.159241217308257,-0.453031148291438,0.205721339808821
1.49386807473864,87,4,0.490398258198955,0.469086734175091,0.0782138748285733,0.0270360048877109,0.126207587714142,-0.426604544820995,0.0270350475610939
-1.08190265491619,88,4,-0.135382592678097,-0.241441865800628,-0.382215651340476,-0.312601523579455,-0.0314471369139563,-0.416874707022633,-0.174902277596731
-0.306099630721526,88,4,-0.173824155816652,0.229539609313245,0.197667320695487,0.145184250382573,0.065160816536283,0.249044712499231,0.0527496213590734
0.6572117293034,88,4,0.0231028526319307,0.520844624567448,0.155306559473113,0.448768886995411,0.148320593067786,0.272106717175507,0.0401818526788022
1.4675904050417,88,4,-0.0417024516589357,0.573783165444115,0.0252886586993629,0.185590393687292,0.284321154126549,0.246014141778224,0.223072424565857
-1.03845264787931,89,4,0.167112855480928,0.213897522434495,0.0548676116261359,-0.252990753614759,0.22923272200663,-0.0386157732604414,0.077597373004738
-0.0413893285067812,89,4,0.357040397280078,0.556584921266267,0.0406952569102249,0.0189044984287892,0.0978094285276961,0.152016165894856,0.0822436679276488
0.833709058832411,89,4,0.453913033180557,0.5744319387451,0.339474771367436,0.222463662008576,0.176893311283213,0.442724861383903,0.191818033873507
1.75176197067209,89,4,0.792389691612412,0.621023594102955,0.43436985254053,0.275492411467406,0.094095724125656,0.553234952400544,0.191339111929504
-1.08525454571358,90,5,-0.0768111101284596,0.269263024944502,-0.0850486132318543,0.258164120674967,-0.0594119830305127,0.063660163951159,0.0142169210219099
-0.484996544895956,90,5,0.03362818216557,0.255842809368311,0.021828599592442,0.382667536387108,-0.050911297944073,0.188551699037137,-0.00908858978437297
0.481507142953925,90,5,-0.0270880740224842,0.355022546767645,0.00841615306297956,0.415847467333167,-0.0697664187866382,0.246425126296134,0.0614533323282862
1.15263679758367,90,5,0.127336549088561,0.249975340400858,0.181478824395175,0.193535966260058,-0.140255794088705,0.3662170176262,-0.0280432232525273
-1.10753738940131,92,5,-0.0394653106303164,0.117799705754876,0.255461853643359,-0.0352686412819889,-0.0994111753405035,0.314055201674762,-0.239561639838707
-0.287653276547719,92,5,-0.332419849957266,0.0947186505549506,0.0476063629999826,-0.0288368982866296,-0.102461395083345,0.0425049619515462,-0.0360134375597417
0.459185213651547,92,5,-0.105370238512834,0.0929876496499162,-0.216750810431915,-0.372592306438776,0.0816745800946765,-0.388565449786125,0.0621147418409502
1.79293275426496,92,5,0.11867790066655,0.797482929573997,0.207489814527847,0.867162048309261,0.240495244812652,0.883324360856735,0.287867627448478
-1.11875442169282,94,5,-0.202697670454916,0.243027725648422,0.740055767911434,0.227209476746363,-0.0921815194424964,0.286551368579496,-0.0305602895869151
-0.505710842434545,94,5,0.593785558893955,0.166283811746526,0.301129459491237,0.0192191465396649,-0.00959432072273853,0.190176213434953,-0.0560915489528406
0.256816074371746,94,5,0.848155673348823,0.357686781334646,0.455937516508417,0.479867418797414,0.133191576484607,0.241363903343773,0.0799848438178119
1.08974669583825,94,5,0.996530317289776,0.217919904246559,0.377778827252469,0.259383371925024,0.161908779881845,0.235600096322841,-0.0422591427052419
-1.08313745317958,97,5,0.0050455545398674,0.0244962009634941,-0.0183849584186979,-0.0785776165572257,-0.115062147445159,-0.100878114234702,-0.141604640926883
-0.291267011177715,97,5,-0.2255230913893,0.111857852727334,-0.0556059102486263,0.268268902851916,0.007911390570205,0.0467826459973086,-0.0287887815398736
0.617370424188591,97,5,-0.172375501052379,0.0650551577659139,0.0193279078897535,0.398477225625793,-0.134228208989372,0.145035680389367,-0.0457693990145428
1.60594366957042,97,5,0.132171347133552,0.414139236559293,0.218551899891123,0.393602532660947,-0.0337324370350096,0.224995425298791,-0.0817410260322132
-1.0378067659809,98,5,0.18967934827223,0.403007948990589,0.309741764767956,0.282195152562337,0.0348049569163553,-0.0261006200880423,0.0484504025216413
-0.242361135851763,98,5,-0.0707199793373241,0.227324124311169,-0.0945753252016678,0.169415909395209,-0.00738574896862577,-0.275118113309327,-0.0885636806677846
0.581506115616227,98,5,0.211546646894626,0.435586305309457,0.356024695802614,0.245471955227303,0.112317171624217,0.142460596109461,-0.087395244313007
1.48991869638333,98,5,0.608319623582831,0.453235933070496,0.279229335898799,0.174596978753817,0.137978037340568,0.415765351930596,-0.152669267776649
-0.731824627389842,99,5,0.659387131917317,0.219587896771781,-0.152930034800506,0.266952678490363,0.0209762961483964,0.173423227951696,-0.142160758804478
-0.121132384797483,99,5,0.690985859139714,0.430376938386038,-0.451903650251828,0.597622877832492,0.0913073677416988,-0.215413587916469,0.0496203460507471
0.870476397673542,99,5,0.749898780912943,0.806508824975072,0.0988628915326205,0.931052992319076,0.123925994869814,0.0915799639770201,0.0353329888478006
1.41166929586181,99,5,1.01141433106038,1.01238765828117,0.0622895099616925,1.1496470025424,0.322439148715721,0.75628265914048,-0.0710780076535434
-0.931090773200686,101,5,0.309687101109674,0.221669278075259,0.277945625646828,0.140475794570885,0.041156994589273,0.089037186151078,-0.00813855316909323
-0.0314066391479709,101,5,0.358305984381945,0.115548282624022,0.651627163059217,0.16586553329676,0.0880594935374717,0.464580929510326,0.15062981669683
0.838964631699973,101,5,0.200416819577828,0.280012772917194,0.402001210620854,0.294632251243873,0.0650957657119323,0.205467431267083,0.00572766566652702
1.60270576334194,101,5,0.802351724250506,0.338676940155249,0.778105063403388,0.605649659949857,0.0527889300326699,0.315237306778442,0.110298038087981
-1.09833070548243,102,5,-0.261357045678413,0.322190473264397,0.146191715444702,0.167163718351691,-0.0535446755223832,0.500485596668165,-0.100077687955852
-0.639847853587172,102,5,0.0716600926982966,0.248738550243576,0.103288800340367,0.368037611114882,0.0457033583403497,0.326481389417093,-0.00334194096834378
0.108412038899892,102,5,-0.0668944056348932,0.54201137508549,0.0965910737719775,0.571197596565038,0.282000303217582,0.231080521464655,0.22026897648637
1.07438739706214,102,5,0.219168103877167,0.746823078522962,0.403598629303937,0.575712478920706,0.101870387421321,0.450235019693087,0.0390405569225673
-1.2183936269964,103,5,-0.0366987004967297,0.276687167494122,-0.0833343414834035,0.282196368403434,0.0482900524896066,0.0275200758912261,-0.0736898322772609
-0.135442773932269,103,5,0.184990926903785,0.718861322385252,0.00800856956207654,0.615300614284122,0.204836436758128,0.457682805137213,0.120408941090742
0.748476716564862,103,5,0.655272723230354,0.467207863581981,0.0424604477592966,0.424766531562035,0.0561041769061944,0.0859842969193722,0.174972416906739
1.54118554500088,103,5,0.355990936220888,0.140288969982313,0.250065486185759,0.345922836898205,0.0722327486203162,0.698610957305443,-0.00559360158633531
-0.182999521663022,104,5,0.155986478852233,0.715153330504281,0.102170931244488,0.466864834839442,0.213892058165641,0.321243614706462,0.0783942694042141
0.38479046340202,104,5,-0.12441104076779,0.450047200763835,-0.0791794088166065,0.510200577566511,0.125066213390121,0.466767287996555,0.213537411508262
0.982646720588632,104,5,0.360808548191582,0.735972903293191,0.174209284748701,0.383928777423394,0.205076943802548,0.158143669089102,0.256320585974693
1.68851027839658,104,5,0.367502631925058,1.08046191799856,0.137634420184409,0.873282661161484,0.353599067345826,0.710062612382571,0.381349225535244
-1.13312263058169,108,5,0.949404139910092,0.069135596558471,0.171860624500686,0.0960702245617864,0.0244234990366925,0.125814962157348,-0.0964708881820163
-0.178952138877426,108,5,1.23187501122679,-0.158294080285034,0.0217152382800527,-0.202099746968758,0.0336403990546094,-0.00775569144166465,-0.164353705170157
0.881462150948731,108,5,1.37614626719145,0.737624121106736,0.0314464143592827,0.296960705492206,0.164575576500674,0.428906965981862,-0.178919733207337
1.78564746525088,108,5,0.673888737743801,1.15190419064197,0.345828338476347,0.842311202020854,0.112344439594429,0.640886604949695,-0.0366090868492249
-1.20361454743082,111,5,0.466432086185554,-0.318805260646279,0.277484669809111,-0.362806110613272,-0.107036763101067,0.148534473757508,-0.329926000000616
-0.787726126099133,111,5,0.10216187065618,-0.16063250925013,-0.021248817353726,-0.0210643119395511,-0.0562942851790057,0.135660795233919,-0.201371736591201
-0.345704309643982,111,5,-0.777884795506902,0.0444779075445119,-0.121635478357793,0.14808280337154,0.0110354672064176,-0.0991948342112804,-0.0965080189374097
0.105713783709494,111,5,-0.641662341113118,0.337783268878501,-0.122593159276851,0.323457708535308,0.0626263502523119,-0.313339471569834,-0.00552784002013244
-0.922861094869974,112,5,0.283905845475321,-0.141095017309781,0.388744045585952,0.1149710891764,0.0175972683212178,0.207253035831789,-0.0354532382509803
-0.0270687743442699,112,5,-0.262867153207363,0.0484278315958011,-0.247316844027561,-0.037258159447509,-0.024726569515659,-0.306213731101921,-0.102100046351716
0.818952572371193,112,5,0.384337602629579,-0.107751248809989,0.133275976879746,-0.300292397901341,-0.0931300172770836,-0.182623548922199,-0.0134690294773344
1.64063552201839,112,5,0.00485594501043986,0.390541712387508,0.0319560252030133,0.59507633545956,0.0211449847446324,0.129401195848974,-0.0480541615900777
-0.955644895433302,113,5,0.426528155078919,0.190511279385923,0.599607027037491,0.187631221537515,-0.0440085129176863,0.245708207196865,-0.0266030458808711
-0.222461503822583,113,5,0.410932309423175,0.301849182125168,0.673088469246247,0.31069560748523,-0.00300723759406162,0.249509950510616,0.093249916127697
0.806180831136646,113,5,0.60999885304813,0.143863834512801,0.0564593867052965,0.0718880452062648,0.207951781183229,-0.251007074366316,-0.0698600256566665
1.57194565417141,113,5,0.468873227707268,0.371439076711173,0.396206656974148,0.755683888600269,0.146927468289821,0.227387662210212,0.101262992728678
-1.10433102122052,114,5,0.0180716720518412,0.071372930225613,0.0780678710607652,0.0443207943338924,-0.0722891991495739,-0.00918743388460593,-0.19795934493305
-0.222573931122183,114,5,0.322505847641898,-0.150051737890096,0.0799340572487568,-0.0373090905673398,0.0975994312355162,-0.860875051626137,-0.247008507561978
0.838559893421414,114,5,0.49200388067517,-0.16147265046343,0.360360084993835,-0.0666099272362597,-0.0972547575850434,0.111166985239609,-0.514243030038184
1.37659197838664,114,5,0.420565562973594,0.488112832958262,0.038719919953219,0.399500925461021,0.184151675515641,0.189464732321076,0.365567840653102
-0.933564173791884,115,5,-0.0223452300239792,0.185185396897948,0.177729662075919,0.1840530880544,-0.0193576494925526,0.230015034395981,-0.117731485006723
-0.175714232648949,115,5,-0.0176930061804292,0.0497729811036294,0.128468598282494,0.196547651663949,-0.0736624815142694,-0.426812722266452,-0.150137442531403
0.596121664564212,115,5,0.802762471438813,0.317556862080635,0.601020070586948,0.574041080964433,0.0318855024040122,0.17537096686189,0.0455900993997261
1.31453210900751,115,5,1.15683119851819,0.582340903047634,0.58882553808417,1.18117168679224,0.065652444916644,0.548989582694812,0.0448802948169385
-1.75437584863579,116,6,-0.133166614254951,0.135046517880707,-0.242385519023634,0.444303870171078,0.437126615579597,0.0478227798026078,0.109374264198761
-0.655696516363507,116,6,-0.0140910583057358,0.112597183216927,0.260012263670778,0.261259635154087,0.26089869197812,0.603877531681545,0.0299968669554017
0.230804003062545,116,6,-0.11831513177283,0.0196345629203281,-0.146342569634619,0.189568107186133,0.40993410037948,0.0474328554891188,0.0119441639026487
1.00758191721537,116,6,-0.0541193997329961,-0.41274992113732,-0.0102114404278359,0.0262264699995548,0.0445426775367075,0.102513811579275,-0.0123484755095189
-1.54684753031769,119,6,0.00790747803306028,-0.0331294166313078,-0.257883698942691,-0.0651325737558641,0.580519589850775,0.288006204441405,0.341982634396336
-1.04226887401487,119,6,0.0424098575680929,0.197069380847404,-0.146213529597171,0.200181502961345,0.584993483445265,0.162925684525097,0.579977278093418
-0.57092187652768,119,6,0.943162646976287,0.590521007715372,0.313675165055091,0.0919955483315421,0.262166504869312,0.00839194259613615,0.537689859243448
0.0564104582574182,119,6,-0.417583008345556,-0.186826287454662,-0.162323601644503,-0.0985397921230827,0.242135848285252,-0.647719353769028,-0.0366976977714786
2.28174475394781,121,6,-0.0216375698665113,-0.375551352040068,0.209404539417424,0.0772808558552071,-0.0515660542408196,0.474405448288127,0.0890005756910999
2.38601756094588,121,6,-0.666563971978473,-0.416286132512519,-0.0627919366077074,-0.234817789030829,0.0298538606343129,0.551734558931696,0.194979559303678
2.54539388383723,121,6,-0.223357326366344,-0.217158784882307,0.223081542312303,-0.177601077301502,0.0707169623094289,0.692611603369755,0.140596035590729
2.68611978596469,121,6,0.252744191234753,0.321567270500205,0.822536959559577,0.287149122934327,0.00813829634997921,0.994735845476913,0.101445507656895
-0.157221634128859,122,6,0.132240750688852,0.109598133899116,-0.409516249138894,0.390106791494084,0.224222970856031,-0.256985310894614,0.27023620311051
0.310734377764894,122,6,0.572210626665594,0.761108355827167,0.115100898473565,0.572183895327642,0.506558656827391,0.128173815217743,0.242268777403512
0.734607576944016,122,6,0.556073098861137,0.476908273291017,0.199851291429431,0.419838284434791,0.17552598744057,0.275869963631235,0.207615175921124
1.00249543882522,122,6,-0.443380864515223,0.356735848362502,-0.603332339429355,0.352591916986065,0.303424718244564,0.0257110638788538,0.250991669369876
0.491813008454215,123,6,0.0974323449978289,0.0964866706612266,-0.184559818973552,0.435962252979697,0.147674832528653,0.0267358152850435,-0.0462046137193148
0.80412278160939,123,6,0.2288344419483,0.505901175314573,0.187207162844689,0.717657066780487,0.13940397101438,0.26205894361652,0.0724332247674781
1.05336022272672,123,6,0.132410885652025,0.395195099191578,0.0920333583864312,0.585777085638707,0.0747642718292146,0.4423325462343,0.0890419116138486
1.43230286279285,123,6,-0.353447586033108,0.56893014831085,-0.152293412290092,0.548220619878305,0.203768615859094,0.304065458372478,0.108758248816229
-1.73402993507519,126,6,0.843157403798879,0.438675074073596,0.438316373787843,0.564357195553916,-0.194947437932381,0.866148046516197,0.129727624317202
-1.21775237847502,126,6,0.291626654467293,0.407788850160112,0.4712431548052,0.653843557360513,0.119166320150177,0.427073337823596,0.422344783317479
-0.805747628872915,126,6,0.740094825285208,0.451268383090367,0.738768382714928,0.992474900065218,0.189796853106219,0.55631333851672,0.605875416823403
-0.269124158712146,126,6,0.532690089280106,0.740021987084285,0.23111568163566,0.864415022917889,0.328716140228072,0.547485454876966,0.663428596849664
-0.51327512143932,129,6,-0.962056086983661,-0.0919058501877787,-0.330347437022426,0.159682883769794,0.325804947396504,0.0248870565302512,0.289218706024303
0.0903203141917506,129,6,0.16919822430236,-0.249363664000831,0.418897040076963,0.268539541000239,-0.161926761013552,-0.0524667852530217,-0.0033521007220642
0.62609603795416,129,6,0.324234687688885,-0.412476294084187,0.111888911822374,-0.628099777206626,-0.161096479031947,-0.618667654093556,0.102803568174396
0.977063046874474,129,6,0.328027023108433,-0.460046994567321,-0.200290120267747,-0.649015320072169,0.116259409095556,-0.192828296651062,0.0498958910949133
-1.30167927191249,131,6,0.617462367228839,0.0601601299786079,-0.171359361726999,-0.00301024433442122,0.108127656062884,0.520546339694107,0.256193561219374
-0.691867029360123,131,6,0.35643541747738,0.351384374147836,0.036600715249076,0.399008965388427,0.345394159431385,0.123144623393578,0.27105839269577
-0.177567547689455,131,6,0.672469122710964,0.0909710319056322,0.155377998940362,0.10601888297444,0.156202033192338,0.519660354582875,0.517567205397425
0.107275242158914,131,6,0.0661888129601734,-0.139411497003088,0.157035007881642,0.0345066990410507,0.209157255574735,0.105132508053123,0.435527241437309
-2.26098909629468,133,6,0.383568317599866,0.231360791142208,-0.00470736825512896,0.334997800690768,0.29221205160286,0.479026436420732,0.201600362546272
-1.25081448801099,133,6,0.64723445131009,0.596294647047451,-0.0947524386970756,0.630267977883233,0.598326320574234,1.04846707648881,0.442503968621451
-0.686215386704403,133,6,0.513997250395623,0.384358578478526,0.139374572771191,0.422193441252631,0.252868070516126,1.11073411593461,0.622586822962721
0.0665834150377191,133,6,0.193976577700959,-0.98515015373813,0.15083717356709,0.434717289740461,0.27456150864762,0.520638110323427,-0.0322888192393285
-2.07482398721521,135,6,-0.307869811989219,0.0844229260013641,-0.373853490601152,0.106146826027397,0.533666454518193,-0.116052688249506,0.55578459655303
-1.34237109903368,135,6,0.0320767177449547,0.888951022077477,0.115115022712268,0.727010598249099,0.574624571145946,0.328084740308359,0.578148418517443
-0.716734257045298,135,6,0.123496494341595,0.477165172885839,-0.0969850516934391,0.204553566254947,0.48848214675956,0.349004705638448,0.235096490230982
0.0123276455427918,135,6,0.0872747759653964,0.353794395719149,-0.195487099519847,-0.0212928018780497,0.409152317601122,0.241121832891158,0.326249322615732
-0.47936526550499,136,6,0.633332893782238,-0.0683234413082804,-0.537831726130031,-0.294520988773343,0.5382610632282,-0.496081635819169,0.130285038309287
-0.130771946500081,136,6,0.147310139692968,0.40155391989559,-0.115127854810905,0.229762080336725,0.197918082461512,-0.127091994742371,0.154631266219007
0.393813524804003,136,6,0.573667740455617,0.515939650131778,-0.384663618811296,0.0227363693344795,0.303431928650822,-0.384476464656157,0.281819793365417
0.722739127367001,136,6,0.618813690522208,0.464057405755328,-0.940653156980082,-0.120075049090171,0.633021351875064,-0.553409815448808,0.588346350738246
-1.38814940454503,138,6,0.206895401845356,0.0151401198161647,-0.0139730642547983,-0.109282914432508,0.472346267502622,-0.401644337617871,0.620490191139786
-0.582451227545353,138,6,0.174153310359584,0.0513481132222597,-0.0256997770172397,0.209484641319872,0.170841581350215,0.0413139889803018,0.515974625648101
0.610836602783711,138,6,0.654345769840832,0.103409859299779,-0.225106263054917,0.139747383189138,0.109614293017617,0.0798342440213305,0.337639458679166
1.19069513926075,138,6,0.476398589962828,0.114269872900527,0.11152485502841,0.204661895310979,0.166404426185677,0.36152424536854,0.265960884075808
-1.53311403866429,139,6,-0.320017038918722,0.0140510704676182,-0.441699534047328,0.326957260776332,0.429516744770257,0.210877759530668,0.756140827276774
-1.23725054563726,139,6,0.311388015927011,-0.0252323180957096,0.03928443101432,0.350100553509194,0.5628543016324,0.0588530913097111,0.536541471787291
-1.00157704689367,139,6,0.240920058411849,0.7847219971409,0.316633401597769,0.420163102820836,0.732396287848297,0.563642600776382,0.547374615790285
-0.631281420090788,139,6,0.238802748366887,-0.0169960325892911,-0.397735498821681,0.167365363515798,0.533162974752657,-0.172415768617397,0.340760180855663
-0.828636781628586,141,6,0.56675686490258,-0.24086464170874,-0.384107138415733,0.0725661592057803,0.510097303136491,0.215976600624675,0.294564054425427
-0.360680769734836,141,6,-0.439517822714513,-0.155584283474681,-0.634498779661556,-0.24637061931668,0.614646532471391,-0.572361699623023,0.177510735823303
0.39098770347614,141,6,0.591121930724306,-0.013043660541385,-0.0116861479820562,0.139156261476186,0.341872072824237,0.165936993815125,0.226566128472639
0.948239669330295,141,6,-0.0770435712166342,0.0278015184724211,0.126588688634637,-0.137266080674956,0.0974693269137817,0.218609327833327,-0.00661569057001573
0.217482273945487,144,6,0.581298691223357,-0.0677098174615766,-0.044365983351359,0.279667420507821,0.155318667144119,0.0139115201489792,0.401735694423991
0.63118251634431,144,6,0.432408150161691,0.260454167496846,0.287159828227702,0.144477875339954,0.184122603483651,-0.36930526154666,0.202679140730387
1.02284135238582,144,6,0.00365356657092349,-1.36628659912617,0.781291993265656,-0.605645312298495,-0.414799350661931,-0.470893985623535,0.102748766694729
1.30090217104732,144,6,0.0767888721592327,-0.282355363062436,0.70097429301273,0.127110763193965,0.175935108752206,0.725111325158981,0.0849656213366115
-0.851243352251474,145,6,0.848817201017575,0.177715969405616,-0.0706408457567468,0.788590837914484,-0.144759039118572,0.236042332419879,0.0703112077504206
-0.2131728964205,145,6,0.262841491233942,0.0868496454201047,-0.526542677082686,0.381520957740569,-0.314562322331022,-0.366707903372572,0.142058261279492
0.506055147946633,145,6,0.0263189745556534,0.115396437318642,-0.527041078868531,-0.251208308696655,0.140918928552631,-0.205021820437794,0.155591140282527
1.19917260324433,145,6,-0.148594110294342,-0.0765841122611367,-0.471111774876724,-0.0728164907405043,0.269129531530025,-0.300305977536941,0.0709444453544309
-1.51224873968959,147,7,0.68132245283395,0.654133565199515,0.411729225078222,0.336776592667941,-0.0285830206539165,0.428462386944364,-0.0639693843964067
-1.24243604081765,147,7,1.19603885037027,0.614175948428856,0.468665715200959,0.278265321232822,0.0352412140994584,0.293850973439265,0.103842232097124
-0.83013172887179,147,7,1.03340818394045,0.707052132123987,0.384286710081812,0.447437537374437,0.0919133048696612,0.383389307722244,0.0850325982314697
-0.388655467228441,147,7,0.758084599555626,0.655506683898204,0.0381055515701895,0.368574804633028,0.196276949420242,0.190592999122955,0.023612199975029
-1.24323771271773,148,7,-0.141961782517253,0.205148164266626,-0.0958540474981739,-0.00649532451447127,-0.174323346246487,0.247097675345623,0.0707472447508571
-0.139185192821125,148,7,-0.0709244681281173,0.276802255902614,-0.0128862735437774,0.10955356807415,-0.110331324506221,0.26990665164327,0.0604945203209526
0.981861860366461,148,7,-0.00637424458954527,0.129397001223752,0.0054155606289264,0.184003248857098,-0.0495821331630088,0.262757091700746,0.0717273714682284
2.12842002253455,148,7,-0.054062756589953,0.614420909545237,0.110745434563123,0.7346107671743,0.0421684747028786,0.498193129008278,0.126637056282395
-1.32715438900879,149,7,0.219896613348163,0.228221344707304,0.10078216066573,0.440254813151058,0.217450681333517,0.116552607661204,0.109481391220388
-0.668429416644578,149,7,0.19570067895605,0.372289191162776,0.0597656921450643,0.411586329109775,0.0436264884934671,0.0827784454595913,0.0587146585252448
0.260531756860222,149,7,0.147981479148246,0.199220647635492,-0.0325884254150977,0.423327614885324,0.301588737756385,0.133075539048715,0.181469524403013
1.26796611129882,149,7,0.233366656101479,0.744248320810679,0.151769340764826,0.631503630921402,0.178811197648538,0.173919552684765,0.355957604713144
-0.996589991458627,151,7,0.270850785830866,0.610382690365926,0.00961284788604871,0.324878482942551,0.126136573765369,0.0729429614615923,0.142198291912499
-0.0181953665256715,151,7,0.271322008780962,0.349392219396244,0.129117609995805,0.202380531717998,0.0593955746411972,0.323734741774819,0.0788202578437604
1.24241281948365,151,7,0.233476677143846,0.534245860239696,0.068116380791658,0.260782836176604,-0.00337314345171301,0.291974688738194,0.114502979649656
2.21098835543207,151,7,0.308590316366767,0.36511668707781,-0.136846818181967,0.225191637285288,0.10679186371893,0.104399089892079,0.0900572056910385
-1.45233410418085,153,7,0.000211632889570684,0.27929256537937,0.172797923743657,0.556123652603568,0.0129590672128495,0.34923654365996,0.0664200611116613
-0.391260900903713,153,7,-0.0806670505042847,0.454136823271705,-0.101012748273496,0.420885923256936,0.104176341302803,0.201202031539022,0.146102688814813
0.803831484146155,153,7,0.121713411392621,0.253858021653218,-0.0241501596674039,0.631331356838491,0.1991591369707,0.265848411650167,0.153080454077837
1.61318607327239,153,7,0.484396914607092,0.447327044004589,0.0504714956817144,0.885345976485954,0.0815853414207851,0.464542973758907,0.255849562859213
-0.682267800634119,157,7,0.0830444200429678,0.409781963316886,0.210386837252941,0.158254400748685,0.0136422550525655,0.0227252813955138,0.0237218217912952
-0.204301296569028,157,7,-0.0592669604913371,0.386434624264132,0.0385219686683142,0.203288709327119,0.0647818654694263,0.0806333764700754,-0.0270337908590641
0.868749480402938,157,7,0.0930883172910793,0.363208876222778,0.158818807098145,0.228070154756534,0.0709488851361064,0.127307575879561,0.0338669957166941
1.55704518098378,157,7,-0.0256914825861131,0.5011235305331,0.160334763606177,0.253702139867016,0.197911007223473,0.129019954972435,-0.111924497459667
-0.965759026301239,159,7,0.179943902961189,0.242564352386547,0.0895759188021231,0.147639988123128,-0.134775778783878,-0.101720678609677,-0.171496118087136
-0.272595239875406,159,7,0.0775392035347423,0.502148501932298,0.0603867370220233,0.400883119958451,-0.181255872887427,0.0148745100638926,0.103396706929378
0.758549547914861,159,7,0.229149970759171,0.432185742675957,0.0245259028534266,0.239479453203166,-0.154734126577891,0.00707861244289085,0.073511781275662
1.37609160882261,159,7,0.211943829802297,0.6508499574622,0.24852068964505,0.378556790357382,-0.151424669417827,0.0319105501157906,0.241221851982349
-0.673081976778993,160,7,0.219214415607044,0.693791188713486,0.293560117438205,0.276125263213293,0.31157812558018,0.238722473970774,0.233135327290101
0.0348660919009163,160,7,-0.0042499681115509,0.602424734901632,0.110285172402908,0.381499204142238,0.0553253586521677,0.161881096321754,0.00199838329316405
1.1966942843122,160,7,-0.0259540985509169,0.549617164649982,-0.116039703404425,0.352878633177584,0.210812656805941,-0.0747354482819841,0.00731610598500206
2.01426495419308,160,7,-0.419464385180882,0.493832047026812,-0.132843206486451,0.271806317180659,-0.0865960034011049,-0.189642588093245,-0.247091131121566
-1.2677647262815,161,7,-0.0477490249818908,0.47629778646736,0.13214382253912,0.327798370537373,0.0935217918231556,0.145157649006584,-0.0286765455196584
-0.593932059825647,161,7,-0.00435607518854572,0.444278005033764,0.141875927126762,0.379336338290876,0.102777085734267,0.318880012134504,-0.00312561296793116
0.152902532417429,161,7,-0.0295637260896715,0.610578530229433,0.243420243882502,0.454065493571725,0.0186675728335364,0.0320010243658052,-0.0916666947329086
0.770762518267699,161,7,0.0675360625235099,0.845330114705798,0.525258472341346,0.811368065149701,0.0667878890171165,0.404835390073473,0.0305227775197079
-1.46804941841265,162,7,0.103421473332747,0.0633946792085749,0.2593124918034,0.113881559155686,-0.0711993248079296,0.270187573873953,0.0328826234896377
-0.950994902141363,162,7,0.0154515431877168,0.17066496567789,0.0227694534785948,0.26251702949455,-0.0139066489796308,0.141730201493111,0.0330117075677701
-0.290486448392292,162,7,0.189081336510827,0.390099906605715,0.0822198348781263,0.388517505149148,0.0172709125727493,0.404102594064004,0.0544748820773369
0.382842393282724,162,7,-0.049677756877292,0.357770548334938,-0.123421623702509,0.273432555031029,-0.0313296861568059,0.19515641695146,0.0863444688172041
-0.856330811939805,163,7,0.10432089839707,0.968235204138281,0.111942885052256,1.37373976135665,0.210246459372831,0.455187352329787,0.511723912644594
-0.134428302550363,163,7,-0.14202086264769,0.867578415119598,0.0793384347896127,1.19084311040367,0.269086112590853,0.349785226756227,0.395727225631788
0.892209346034421,163,7,-0.268871733166483,0.971767624484607,0.0858271545202877,1.22543657536378,0.244451443648969,0.701120917951161,0.435801272446675
1.56610542966659,163,7,-0.0535100128953969,0.886878593008319,0.348706301127814,1.25764663494247,0.108166777778619,0.98103638730444,0.507281714067603
-1.40291357653084,164,7,0.348005446074599,0.528426368128534,-0.0460187179746833,0.465152637986605,-0.098681682475758,-0.17164029118269,0.0424622560281818
-0.751716985891375,164,7,0.299290728076983,0.530789882414986,0.233429163801086,0.367495575071173,-0.0901910474274956,0.0959913474900493,0.0246623076278943
0.125029467612163,164,7,0.401202311906293,0.86000166620414,0.224362591710024,0.704523558222236,0.149558054663349,0.316195099939397,0.163477604360212
0.885835838925556,164,7,0.439586917759151,0.957081833708935,0.25310544949755,0.812917483735949,0.0931137159052019,0.308302401495627,0.177447028170694
-1.0582519217734,166,7,0.586064651377749,0.659691537754988,0.379154033977777,0.47510265798083,-0.0274170614152665,0.550804562582722,0.185240873292054
-0.241525094977774,166,7,0.315553778594335,0.806576782769956,0.203907375690558,0.674882988738961,0.000383073440573579,0.45664120824725,0.204174270946842
0.783121626727324,166,7,0.22416725928219,0.82953585159721,0.286254355327056,0.794034621607585,0.0686456728471736,0.456669508181104,0.119304576731592
1.48818729099445,166,7,0.121169712271769,0.989796905762389,0.166899860097909,0.928584432335121,0.238371171096645,0.302427712616688,0.103422656077357
-0.0425049932279886,167,7,-1.01487058572362,0.468105780633937,-0.264395939273473,0.679171052760582,0.378324955502337,0.321310871265185,0.209643224372309
0.547929374987838,167,7,-1.30436207555591,0.603182804204246,-0.145819625551998,0.878482176058333,0.051484784568506,0.327552966049935,0.338373117657681
1.30635678174127,167,7,-0.83684528044937,0.468614088304903,0.0573226418294393,0.745986220762312,0.0833183997000137,0.239923189936429,0.268520919950748
1.74780014649478,167,7,-0.654137032536405,0.750282583775737,0.20699399661481,1.03927681624481,0.0681113864471061,0.436640337962212,0.232054786249144
-1.26482559174142,168,7,0.317690116901493,0.122458237338075,0.105637807478656,0.176301400129053,-0.240861071545817,0.24965181965996,0.055209235551215
-0.697585460153577,168,7,0.432456825548301,0.288540840725263,0.0663216196852706,0.238897755273189,-0.171363440046857,0.233453476125871,0.00358882086315035
0.159416116605609,168,7,0.401302955913545,0.19411583637062,0.224488228248937,0.328553445569896,-0.110128653176968,0.572276799793795,0.014244690242209
0.831555970690718,168,7,0.465898588789248,0.361317485550449,0.0175176943243247,0.405760736260887,-0.142465088821723,-0.225492429484823,0.117741567037258
-1.23107902223313,170,7,-0.0945052802224362,0.0840028139705286,0.194681188925871,0.429043199230056,0.0319554096633351,0.175659805752605,0.0619677975470476
-0.618584989071215,170,7,0.334333265922822,0.257000634835108,0.27274583422242,0.391701204095523,0.000887857247706115,0.139424768669974,0.0152972526921529
0.220068582357888,170,7,0.601772856785737,0.143433343681188,0.268956694114161,0.339666043239494,-0.00730937790929867,0.182628278429869,0.0832688585354578
0.8448116858807,170,7,0.421407018518113,0.238522543913277,0.250989904849395,0.330217087558837,0.139718160099172,0.159162396492693,0.0579586163493454
